frame.number,frame.time_epoch,eth.src,eth.dst,goose.gocbRef,goose.stNum,goose.sqNum
"1","1775746465.705948000","08:00:27:d1:c5:85","08:00:27:b0:8c:2e",,,
"2","1775746465.709283000","08:00:27:b0:8c:2e","08:00:27:d1:c5:85",,,
"3","1775746465.964074000","08:00:27:b0:8c:2e","08:00:27:d1:c5:85",,,
"4","1775746465.964093000","08:00:27:d1:c5:85","08:00:27:b0:8c:2e",,,
"5","1775746466.715599000","08:00:27:d1:c5:85","08:00:27:b0:8c:2e",,,
"6","1775746466.716374000","08:00:27:b0:8c:2e","08:00:27:d1:c5:85",,,
"7","1775746466.965669000","08:00:27:b0:8c:2e","08:00:27:d1:c5:85",,,
"8","1775746466.965684000","08:00:27:d1:c5:85","08:00:27:b0:8c:2e",,,
"9","1775746467.723225000","08:00:27:d1:c5:85","08:00:27:b0:8c:2e",,,
"10","1775746467.723913000","08:00:27:b0:8c:2e","08:00:27:d1:c5:85",,,
"11","1775746467.995398000","08:00:27:b0:8c:2e","08:00:27:d1:c5:85",,,
"12","1775746467.995413000","08:00:27:d1:c5:85","08:00:27:b0:8c:2e",,,
"13","1775746468.731906000","08:00:27:d1:c5:85","08:00:27:b0:8c:2e",,,
"14","1775746468.732822000","08:00:27:b0:8c:2e","08:00:27:d1:c5:85",,,
"15","1775746469.019217000","08:00:27:b0:8c:2e","08:00:27:d1:c5:85",,,
"16","1775746469.019235000","08:00:27:d1:c5:85","08:00:27:b0:8c:2e",,,
"17","1775746469.740529000","08:00:27:d1:c5:85","08:00:27:b0:8c:2e",,,
"18","1775746469.742203000","08:00:27:b0:8c:2e","08:00:27:d1:c5:85",,,
"19","1775746470.020528000","08:00:27:b0:8c:2e","08:00:27:d1:c5:85",,,
"20","1775746470.020553000","08:00:27:d1:c5:85","08:00:27:b0:8c:2e",,,
"21","1775746470.746325000","08:00:27:d1:c5:85","08:00:27:b0:8c:2e",,,
"22","1775746470.748351000","08:00:27:b0:8c:2e","08:00:27:d1:c5:85",,,
"23","1775746470.749490000","08:00:27:b0:8c:2e","08:00:27:d1:c5:85",,,
"24","1775746470.749516000","08:00:27:d1:c5:85","08:00:27:b0:8c:2e",,,
"25","1775746471.023088000","08:00:27:b0:8c:2e","08:00:27:d1:c5:85",,,
"26","1775746471.023118000","08:00:27:d1:c5:85","08:00:27:b0:8c:2e",,,
"27","1775746471.236467000","08:00:27:b0:8c:2e","08:00:27:d1:c5:85",,,
"28","1775746471.236488000","08:00:27:d1:c5:85","08:00:27:b0:8c:2e",,,
"29","1775746471.237189000","08:00:27:d1:c5:85","08:00:27:b0:8c:2e",,,
"30","1775746471.237803000","08:00:27:d1:c5:85","08:00:27:b0:8c:2e",,,
"31","1775746471.238110000","08:00:27:d1:c5:85","08:00:27:b0:8c:2e",,,
"32","1775746471.238404000","08:00:27:d1:c5:85","08:00:27:b0:8c:2e",,,
"33","1775746471.238953000","08:00:27:d1:c5:85","08:00:27:b0:8c:2e",,,
"34","1775746471.239250000","08:00:27:d1:c5:85","08:00:27:b0:8c:2e",,,
"35","1775746471.240370000","08:00:27:b0:8c:2e","08:00:27:d1:c5:85",,,
"36","1775746471.745453000","08:00:27:d1:c5:85","08:00:27:b0:8c:2e",,,
"37","1775746471.793792000","08:00:27:b0:8c:2e","08:00:27:d1:c5:85",,,
"38","1775746472.024347000","08:00:27:b0:8c:2e","08:00:27:d1:c5:85",,,
"39","1775746472.024379000","08:00:27:d1:c5:85","08:00:27:b0:8c:2e",,,
"40","1775746472.756459000","08:00:27:d1:c5:85","08:00:27:b0:8c:2e",,,
"41","1775746472.758492000","08:00:27:b0:8c:2e","08:00:27:d1:c5:85",,,
"42","1775746472.760135000","08:00:27:b0:8c:2e","08:00:27:d1:c5:85",,,
"43","1775746472.801024000","08:00:27:d1:c5:85","08:00:27:b0:8c:2e",,,
"44","1775746473.025109000","08:00:27:b0:8c:2e","08:00:27:d1:c5:85",,,
"45","1775746473.025131000","08:00:27:d1:c5:85","08:00:27:b0:8c:2e",,,
"46","1775746473.768313000","08:00:27:d1:c5:85","08:00:27:b0:8c:2e",,,
"47","1775746473.813091000","08:00:27:b0:8c:2e","08:00:27:d1:c5:85",,,
"48","1775746474.027995000","08:00:27:b0:8c:2e","08:00:27:d1:c5:85",,,
"49","1775746474.028028000","08:00:27:d1:c5:85","08:00:27:b0:8c:2e",,,
"50","1775746474.776318000","08:00:27:d1:c5:85","08:00:27:b0:8c:2e",,,
"51","1775746474.778024000","08:00:27:b0:8c:2e","08:00:27:d1:c5:85",,,
"52","1775746475.028246000","08:00:27:b0:8c:2e","08:00:27:d1:c5:85",,,
"53","1775746475.028272000","08:00:27:d1:c5:85","08:00:27:b0:8c:2e",,,
"54","1775746475.688506000","08:00:27:d1:c5:85","08:00:27:b0:8c:2e",,,
"55","1775746475.689981000","08:00:27:b0:8c:2e","08:00:27:d1:c5:85",,,
"56","1775746476.029475000","08:00:27:b0:8c:2e","08:00:27:d1:c5:85",,,
"57","1775746476.029502000","08:00:27:d1:c5:85","08:00:27:b0:8c:2e",,,
"58","1775746476.701067000","08:00:27:d1:c5:85","08:00:27:b0:8c:2e",,,
"59","1775746476.703243000","08:00:27:b0:8c:2e","08:00:27:d1:c5:85",,,
"60","1775746477.034404000","08:00:27:b0:8c:2e","08:00:27:d1:c5:85",,,
"61","1775746477.034449000","08:00:27:d1:c5:85","08:00:27:b0:8c:2e",,,
"62","1775746477.758735000","08:00:27:d1:c5:85","08:00:27:b0:8c:2e",,,
"63","1775746477.761278000","08:00:27:b0:8c:2e","08:00:27:d1:c5:85",,,
"64","1775746478.034117000","08:00:27:b0:8c:2e","08:00:27:d1:c5:85",,,
"65","1775746478.034135000","08:00:27:d1:c5:85","08:00:27:b0:8c:2e",,,
"66","1775746478.755290000","08:00:27:d1:c5:85","08:00:27:b0:8c:2e",,,
"67","1775746478.759342000","08:00:27:b0:8c:2e","08:00:27:d1:c5:85",,,
"68","1775746479.037130000","08:00:27:b0:8c:2e","08:00:27:d1:c5:85",,,
"69","1775746479.037173000","08:00:27:d1:c5:85","08:00:27:b0:8c:2e",,,
"70","1775746479.772860000","08:00:27:d1:c5:85","08:00:27:b0:8c:2e",,,
"71","1775746479.774106000","08:00:27:b0:8c:2e","08:00:27:d1:c5:85",,,
"72","1775746480.038110000","08:00:27:b0:8c:2e","08:00:27:d1:c5:85",,,
"73","1775746480.038136000","08:00:27:d1:c5:85","08:00:27:b0:8c:2e",,,
"74","1775746480.781796000","08:00:27:d1:c5:85","08:00:27:b0:8c:2e",,,
"75","1775746480.785142000","08:00:27:b0:8c:2e","08:00:27:d1:c5:85",,,
"76","1775746480.787566000","08:00:27:b0:8c:2e","08:00:27:d1:c5:85",,,
"77","1775746480.788462000","08:00:27:d1:c5:85","08:00:27:b0:8c:2e",,,
"78","1775746481.042354000","08:00:27:b0:8c:2e","08:00:27:d1:c5:85",,,
"79","1775746481.042392000","08:00:27:d1:c5:85","08:00:27:b0:8c:2e",,,
"80","1775746481.241442000","08:00:27:b0:8c:2e","08:00:27:d1:c5:85",,,
"81","1775746481.241735000","08:00:27:d1:c5:85","08:00:27:b0:8c:2e",,,
"82","1775746481.242024000","08:00:27:d1:c5:85","08:00:27:b0:8c:2e",,,
"83","1775746481.242113000","08:00:27:d1:c5:85","08:00:27:b0:8c:2e",,,
"84","1775746481.243192000","08:00:27:d1:c5:85","08:00:27:b0:8c:2e",,,
"85","1775746481.244238000","08:00:27:b0:8c:2e","08:00:27:d1:c5:85",,,
"86","1775746481.853318000","08:00:27:d1:c5:85","08:00:27:b0:8c:2e",,,
"87","1775746481.902531000","08:00:27:b0:8c:2e","08:00:27:d1:c5:85",,,
"88","1775746482.042068000","08:00:27:b0:8c:2e","08:00:27:d1:c5:85",,,
"89","1775746482.042084000","08:00:27:d1:c5:85","08:00:27:b0:8c:2e",,,
"90","1775746482.764844000","08:00:27:d1:c5:85","08:00:27:b0:8c:2e",,,
"91","1775746482.767286000","08:00:27:b0:8c:2e","08:00:27:d1:c5:85",,,
"92","1775746482.770055000","08:00:27:b0:8c:2e","08:00:27:d1:c5:85",,,
"93","1775746482.810869000","08:00:27:d1:c5:85","08:00:27:b0:8c:2e",,,
"94","1775746483.045883000","08:00:27:b0:8c:2e","08:00:27:d1:c5:85",,,
"95","1775746483.045927000","08:00:27:d1:c5:85","08:00:27:b0:8c:2e",,,
"96","1775746483.824243000","08:00:27:d1:c5:85","08:00:27:b0:8c:2e",,,
"97","1775746483.867986000","08:00:27:b0:8c:2e","08:00:27:d1:c5:85",,,
"98","1775746484.047326000","08:00:27:b0:8c:2e","08:00:27:d1:c5:85",,,
"99","1775746484.047358000","08:00:27:d1:c5:85","08:00:27:b0:8c:2e",,,
"100","1775746484.833028000","08:00:27:d1:c5:85","08:00:27:b0:8c:2e",,,
"101","1775746484.834383000","08:00:27:b0:8c:2e","08:00:27:d1:c5:85",,,
"102","1775746485.050217000","08:00:27:b0:8c:2e","08:00:27:d1:c5:85",,,
"103","1775746485.050256000","08:00:27:d1:c5:85","08:00:27:b0:8c:2e",,,
"104","1775746485.837672000","08:00:27:d1:c5:85","08:00:27:b0:8c:2e",,,
"105","1775746485.838504000","08:00:27:b0:8c:2e","08:00:27:d1:c5:85",,,
"106","1775746486.052133000","08:00:27:b0:8c:2e","08:00:27:d1:c5:85",,,
"107","1775746486.052166000","08:00:27:d1:c5:85","08:00:27:b0:8c:2e",,,
"108","1775746486.847345000","08:00:27:d1:c5:85","08:00:27:b0:8c:2e",,,
"109","1775746486.849224000","08:00:27:b0:8c:2e","08:00:27:d1:c5:85",,,
"110","1775746487.053299000","08:00:27:b0:8c:2e","08:00:27:d1:c5:85",,,
"111","1775746487.053322000","08:00:27:d1:c5:85","08:00:27:b0:8c:2e",,,
"112","1775746487.758161000","08:00:27:d1:c5:85","08:00:27:b0:8c:2e",,,
"113","1775746487.760451000","08:00:27:b0:8c:2e","08:00:27:d1:c5:85",,,
"114","1775746488.055157000","08:00:27:b0:8c:2e","08:00:27:d1:c5:85",,,
"115","1775746488.055172000","08:00:27:d1:c5:85","08:00:27:b0:8c:2e",,,
"116","1775746488.772934000","08:00:27:d1:c5:85","08:00:27:b0:8c:2e",,,
"117","1775746488.775169000","08:00:27:b0:8c:2e","08:00:27:d1:c5:85",,,
"118","1775746489.057115000","08:00:27:b0:8c:2e","08:00:27:d1:c5:85",,,
"119","1775746489.057146000","08:00:27:d1:c5:85","08:00:27:b0:8c:2e",,,
"120","1775746489.781567000","08:00:27:d1:c5:85","08:00:27:b0:8c:2e",,,
"121","1775746489.784333000","08:00:27:b0:8c:2e","08:00:27:d1:c5:85",,,
"122","1775746490.059075000","08:00:27:b0:8c:2e","08:00:27:d1:c5:85",,,
"123","1775746490.059106000","08:00:27:d1:c5:85","08:00:27:b0:8c:2e",,,
"124","1775746490.795501000","08:00:27:d1:c5:85","08:00:27:b0:8c:2e",,,
"125","1775746490.797223000","08:00:27:b0:8c:2e","08:00:27:d1:c5:85",,,
"126","1775746490.798152000","08:00:27:b0:8c:2e","08:00:27:d1:c5:85",,,
"127","1775746490.798174000","08:00:27:d1:c5:85","08:00:27:b0:8c:2e",,,
"128","1775746491.063430000","08:00:27:b0:8c:2e","08:00:27:d1:c5:85",,,
"129","1775746491.063477000","08:00:27:d1:c5:85","08:00:27:b0:8c:2e",,,
"130","1775746491.255851000","08:00:27:b0:8c:2e","08:00:27:d1:c5:85",,,
"131","1775746491.255871000","08:00:27:d1:c5:85","08:00:27:b0:8c:2e",,,
"132","1775746491.256375000","08:00:27:d1:c5:85","08:00:27:b0:8c:2e",,,
"133","1775746491.256815000","08:00:27:d1:c5:85","08:00:27:b0:8c:2e",,,
"134","1775746491.257078000","08:00:27:d1:c5:85","08:00:27:b0:8c:2e",,,
"135","1775746491.257340000","08:00:27:d1:c5:85","08:00:27:b0:8c:2e",,,
"136","1775746491.257725000","08:00:27:d1:c5:85","08:00:27:b0:8c:2e",,,
"137","1775746491.257978000","08:00:27:d1:c5:85","08:00:27:b0:8c:2e",,,
"138","1775746491.259579000","08:00:27:b0:8c:2e","08:00:27:d1:c5:85",,,
"139","1775746491.865052000","08:00:27:d1:c5:85","08:00:27:b0:8c:2e",,,
"140","1775746491.914056000","08:00:27:b0:8c:2e","08:00:27:d1:c5:85",,,
"141","1775746492.068925000","08:00:27:b0:8c:2e","08:00:27:d1:c5:85",,,
"142","1775746492.068967000","08:00:27:d1:c5:85","08:00:27:b0:8c:2e",,,
"143","1775746492.775925000","08:00:27:d1:c5:85","08:00:27:b0:8c:2e",,,
"144","1775746492.777996000","08:00:27:b0:8c:2e","08:00:27:d1:c5:85",,,
"145","1775746492.777997000","08:00:27:b0:8c:2e","08:00:27:d1:c5:85",,,
"146","1775746492.819867000","08:00:27:d1:c5:85","08:00:27:b0:8c:2e",,,
"147","1775746493.069261000","08:00:27:b0:8c:2e","08:00:27:d1:c5:85",,,
"148","1775746493.069299000","08:00:27:d1:c5:85","08:00:27:b0:8c:2e",,,
"149","1775746493.785278000","08:00:27:d1:c5:85","08:00:27:b0:8c:2e",,,
"150","1775746493.831067000","08:00:27:b0:8c:2e","08:00:27:d1:c5:85",,,
"151","1775746494.071131000","08:00:27:b0:8c:2e","08:00:27:d1:c5:85",,,
"152","1775746494.071158000","08:00:27:d1:c5:85","08:00:27:b0:8c:2e",,,
"153","1775746494.794920000","08:00:27:d1:c5:85","08:00:27:b0:8c:2e",,,
"154","1775746494.795858000","08:00:27:b0:8c:2e","08:00:27:d1:c5:85",,,
"155","1775746495.072863000","08:00:27:b0:8c:2e","08:00:27:d1:c5:85",,,
"156","1775746495.072895000","08:00:27:d1:c5:85","08:00:27:b0:8c:2e",,,
"157","1775746495.803028000","08:00:27:d1:c5:85","08:00:27:b0:8c:2e",,,
"158","1775746495.804131000","08:00:27:b0:8c:2e","08:00:27:d1:c5:85",,,
"159","1775746496.075552000","08:00:27:b0:8c:2e","08:00:27:d1:c5:85",,,
"160","1775746496.075591000","08:00:27:d1:c5:85","08:00:27:b0:8c:2e",,,
"161","1775746496.816279000","08:00:27:d1:c5:85","08:00:27:b0:8c:2e",,,
"162","1775746496.819333000","08:00:27:b0:8c:2e","08:00:27:d1:c5:85",,,
"163","1775746497.075884000","08:00:27:b0:8c:2e","08:00:27:d1:c5:85",,,
"164","1775746497.075906000","08:00:27:d1:c5:85","08:00:27:b0:8c:2e",,,
"165","1775746497.825070000","08:00:27:d1:c5:85","08:00:27:b0:8c:2e",,,
"166","1775746497.826751000","08:00:27:b0:8c:2e","08:00:27:d1:c5:85",,,
"167","1775746498.077958000","08:00:27:b0:8c:2e","08:00:27:d1:c5:85",,,
"168","1775746498.077981000","08:00:27:d1:c5:85","08:00:27:b0:8c:2e",,,
"169","1775746498.831735000","08:00:27:d1:c5:85","08:00:27:b0:8c:2e",,,
"170","1775746498.832746000","08:00:27:b0:8c:2e","08:00:27:d1:c5:85",,,
"171","1775746499.078871000","08:00:27:b0:8c:2e","08:00:27:d1:c5:85",,,
"172","1775746499.078891000","08:00:27:d1:c5:85","08:00:27:b0:8c:2e",,,
"173","1775746499.840434000","08:00:27:d1:c5:85","08:00:27:b0:8c:2e",,,
"174","1775746499.842027000","08:00:27:b0:8c:2e","08:00:27:d1:c5:85",,,
"175","1775746500.093060000","08:00:27:b0:8c:2e","08:00:27:d1:c5:85",,,
"176","1775746500.093105000","08:00:27:d1:c5:85","08:00:27:b0:8c:2e",,,
"177","1775746500.846984000","08:00:27:d1:c5:85","08:00:27:b0:8c:2e",,,
"178","1775746500.848346000","08:00:27:b0:8c:2e","08:00:27:d1:c5:85",,,
"179","1775746500.850158000","08:00:27:b0:8c:2e","08:00:27:d1:c5:85",,,
"180","1775746500.850308000","08:00:27:d1:c5:85","08:00:27:b0:8c:2e",,,
"181","1775746501.096350000","08:00:27:b0:8c:2e","08:00:27:d1:c5:85",,,
"182","1775746501.096387000","08:00:27:d1:c5:85","08:00:27:b0:8c:2e",,,
"183","1775746501.348342000","08:00:27:b0:8c:2e","08:00:27:d1:c5:85",,,
"184","1775746501.348578000","08:00:27:d1:c5:85","08:00:27:b0:8c:2e",,,
"185","1775746501.349980000","08:00:27:d1:c5:85","08:00:27:b0:8c:2e",,,
"186","1775746501.350195000","08:00:27:d1:c5:85","08:00:27:b0:8c:2e",,,
"187","1775746501.352410000","08:00:27:d1:c5:85","08:00:27:b0:8c:2e",,,
"188","1775746501.353881000","08:00:27:b0:8c:2e","08:00:27:d1:c5:85",,,
"189","1775746501.396198000","08:00:27:b0:8c:2e","08:00:27:d1:c5:85",,,
"190","1775746501.854687000","08:00:27:d1:c5:85","08:00:27:b0:8c:2e",,,
"191","1775746501.855775000","08:00:27:b0:8c:2e","08:00:27:d1:c5:85",,,
"192","1775746502.095803000","08:00:27:b0:8c:2e","08:00:27:d1:c5:85",,,
"193","1775746502.095820000","08:00:27:d1:c5:85","08:00:27:b0:8c:2e",,,
"194","1775746502.867214000","08:00:27:d1:c5:85","08:00:27:b0:8c:2e",,,
"195","1775746502.868310000","08:00:27:b0:8c:2e","08:00:27:d1:c5:85",,,
"196","1775746502.869996000","08:00:27:b0:8c:2e","08:00:27:d1:c5:85",,,
"197","1775746502.912433000","08:00:27:d1:c5:85","08:00:27:b0:8c:2e",,,
"198","1775746503.101151000","08:00:27:b0:8c:2e","08:00:27:d1:c5:85",,,
"199","1775746503.101177000","08:00:27:d1:c5:85","08:00:27:b0:8c:2e",,,
"200","1775746503.782168000","08:00:27:d1:c5:85","08:00:27:b0:8c:2e",,,
"201","1775746503.828020000","08:00:27:b0:8c:2e","08:00:27:d1:c5:85",,,
"202","1775746504.102888000","08:00:27:b0:8c:2e","08:00:27:d1:c5:85",,,
"203","1775746504.102932000","08:00:27:d1:c5:85","08:00:27:b0:8c:2e",,,
"204","1775746504.790175000","08:00:27:d1:c5:85","08:00:27:b0:8c:2e",,,
"205","1775746504.792767000","08:00:27:b0:8c:2e","08:00:27:d1:c5:85",,,
"206","1775746505.103739000","08:00:27:b0:8c:2e","08:00:27:d1:c5:85",,,
"207","1775746505.103758000","08:00:27:d1:c5:85","08:00:27:b0:8c:2e",,,
"208","1775746505.796677000","08:00:27:d1:c5:85","08:00:27:b0:8c:2e",,,
"209","1775746505.797639000","08:00:27:b0:8c:2e","08:00:27:d1:c5:85",,,
"210","1775746506.104835000","08:00:27:b0:8c:2e","08:00:27:d1:c5:85",,,
"211","1775746506.104860000","08:00:27:d1:c5:85","08:00:27:b0:8c:2e",,,
"212","1775746506.815080000","08:00:27:d1:c5:85","08:00:27:b0:8c:2e",,,
"213","1775746506.817125000","08:00:27:b0:8c:2e","08:00:27:d1:c5:85",,,
"214","1775746507.106994000","08:00:27:b0:8c:2e","08:00:27:d1:c5:85",,,
"215","1775746507.107015000","08:00:27:d1:c5:85","08:00:27:b0:8c:2e",,,
"216","1775746507.863472000","08:00:27:d1:c5:85","08:00:27:b0:8c:2e",,,
"217","1775746507.866113000","08:00:27:b0:8c:2e","08:00:27:d1:c5:85",,,
"218","1775746508.110484000","08:00:27:b0:8c:2e","08:00:27:d1:c5:85",,,
"219","1775746508.110512000","08:00:27:d1:c5:85","08:00:27:b0:8c:2e",,,
"220","1775746508.940945000","08:00:27:d1:c5:85","08:00:27:b0:8c:2e",,,
"221","1775746508.941957000","08:00:27:b0:8c:2e","08:00:27:d1:c5:85",,,
"222","1775746509.112930000","08:00:27:b0:8c:2e","08:00:27:d1:c5:85",,,
"223","1775746509.112955000","08:00:27:d1:c5:85","08:00:27:b0:8c:2e",,,
"224","1775746509.853367000","08:00:27:d1:c5:85","08:00:27:b0:8c:2e",,,
"225","1775746509.855249000","08:00:27:b0:8c:2e","08:00:27:d1:c5:85",,,
"226","1775746510.113173000","08:00:27:b0:8c:2e","08:00:27:d1:c5:85",,,
"227","1775746510.113191000","08:00:27:d1:c5:85","08:00:27:b0:8c:2e",,,
"228","1775746510.860468000","08:00:27:d1:c5:85","08:00:27:b0:8c:2e",,,
"229","1775746510.862347000","08:00:27:b0:8c:2e","08:00:27:d1:c5:85",,,
"230","1775746510.864278000","08:00:27:b0:8c:2e","08:00:27:d1:c5:85",,,
"231","1775746510.864304000","08:00:27:d1:c5:85","08:00:27:b0:8c:2e",,,
"232","1775746511.131857000","08:00:27:b0:8c:2e","08:00:27:d1:c5:85",,,
"233","1775746511.131875000","08:00:27:d1:c5:85","08:00:27:b0:8c:2e",,,
"234","1775746511.419317000","08:00:27:b0:8c:2e","08:00:27:d1:c5:85",,,
"235","1775746511.419378000","08:00:27:d1:c5:85","08:00:27:b0:8c:2e",,,
"236","1775746511.420541000","08:00:27:d1:c5:85","08:00:27:b0:8c:2e",,,
"237","1775746511.421264000","08:00:27:d1:c5:85","08:00:27:b0:8c:2e",,,
"238","1775746511.421934000","08:00:27:d1:c5:85","08:00:27:b0:8c:2e",,,
"239","1775746511.422162000","08:00:27:d1:c5:85","08:00:27:b0:8c:2e",,,
"240","1775746511.424587000","08:00:27:d1:c5:85","08:00:27:b0:8c:2e",,,
"241","1775746511.430893000","08:00:27:b0:8c:2e","08:00:27:d1:c5:85",,,
"242","1775746511.928594000","08:00:27:d1:c5:85","08:00:27:b0:8c:2e",,,
"243","1775746511.972408000","08:00:27:b0:8c:2e","08:00:27:d1:c5:85",,,
"244","1775746512.134911000","08:00:27:b0:8c:2e","08:00:27:d1:c5:85",,,
"245","1775746512.134929000","08:00:27:d1:c5:85","08:00:27:b0:8c:2e",,,
"246","1775746512.935811000","08:00:27:d1:c5:85","08:00:27:b0:8c:2e",,,
"247","1775746512.937075000","08:00:27:b0:8c:2e","08:00:27:d1:c5:85",,,
"248","1775746512.938320000","08:00:27:b0:8c:2e","08:00:27:d1:c5:85",,,
"249","1775746512.979341000","08:00:27:d1:c5:85","08:00:27:b0:8c:2e",,,
"250","1775746513.137304000","08:00:27:b0:8c:2e","08:00:27:d1:c5:85",,,
"251","1775746513.137337000","08:00:27:d1:c5:85","08:00:27:b0:8c:2e",,,
"252","1775746513.848712000","08:00:27:d1:c5:85","08:00:27:b0:8c:2e",,,
"253","1775746513.891379000","08:00:27:b0:8c:2e","08:00:27:d1:c5:85",,,
"254","1775746514.138316000","08:00:27:b0:8c:2e","08:00:27:d1:c5:85",,,
"255","1775746514.138333000","08:00:27:d1:c5:85","08:00:27:b0:8c:2e",,,
"256","1775746514.965485000","08:00:27:d1:c5:85","08:00:27:b0:8c:2e",,,
"257","1775746514.966365000","08:00:27:b0:8c:2e","08:00:27:d1:c5:85",,,
"258","1775746515.138960000","08:00:27:b0:8c:2e","08:00:27:d1:c5:85",,,
"259","1775746515.138987000","08:00:27:d1:c5:85","08:00:27:b0:8c:2e",,,
"260","1775746515.874196000","08:00:27:d1:c5:85","08:00:27:b0:8c:2e",,,
"261","1775746515.875448000","08:00:27:b0:8c:2e","08:00:27:d1:c5:85",,,
"262","1775746516.139155000","08:00:27:b0:8c:2e","08:00:27:d1:c5:85",,,
"263","1775746516.139175000","08:00:27:d1:c5:85","08:00:27:b0:8c:2e",,,
"264","1775746516.885204000","08:00:27:d1:c5:85","08:00:27:b0:8c:2e",,,
"265","1775746516.886689000","08:00:27:b0:8c:2e","08:00:27:d1:c5:85",,,
"266","1775746517.148196000","08:00:27:b0:8c:2e","08:00:27:d1:c5:85",,,
"267","1775746517.148228000","08:00:27:d1:c5:85","08:00:27:b0:8c:2e",,,
"268","1775746517.892167000","08:00:27:d1:c5:85","08:00:27:b0:8c:2e",,,
"269","1775746517.896181000","08:00:27:b0:8c:2e","08:00:27:d1:c5:85",,,
"270","1775746518.150708000","08:00:27:b0:8c:2e","08:00:27:d1:c5:85",,,
"271","1775746518.150723000","08:00:27:d1:c5:85","08:00:27:b0:8c:2e",,,
"272","1775746518.900861000","08:00:27:d1:c5:85","08:00:27:b0:8c:2e",,,
"273","1775746518.904503000","08:00:27:b0:8c:2e","08:00:27:d1:c5:85",,,
"274","1775746519.152014000","08:00:27:b0:8c:2e","08:00:27:d1:c5:85",,,
"275","1775746519.152032000","08:00:27:d1:c5:85","08:00:27:b0:8c:2e",,,
"276","1775746519.916114000","08:00:27:d1:c5:85","08:00:27:b0:8c:2e",,,
"277","1775746519.916892000","08:00:27:b0:8c:2e","08:00:27:d1:c5:85",,,
"278","1775746520.156316000","08:00:27:b0:8c:2e","08:00:27:d1:c5:85",,,
"279","1775746520.156333000","08:00:27:d1:c5:85","08:00:27:b0:8c:2e",,,
"280","1775746520.922833000","08:00:27:d1:c5:85","08:00:27:b0:8c:2e",,,
"281","1775746520.925281000","08:00:27:b0:8c:2e","08:00:27:d1:c5:85",,,
"282","1775746520.925282000","08:00:27:b0:8c:2e","08:00:27:d1:c5:85",,,
"283","1775746520.925331000","08:00:27:d1:c5:85","08:00:27:b0:8c:2e",,,
"284","1775746521.157674000","08:00:27:b0:8c:2e","08:00:27:d1:c5:85",,,
"285","1775746521.157690000","08:00:27:d1:c5:85","08:00:27:b0:8c:2e",,,
"286","1775746521.437084000","08:00:27:b0:8c:2e","08:00:27:d1:c5:85",,,
"287","1775746521.437110000","08:00:27:d1:c5:85","08:00:27:b0:8c:2e",,,
"288","1775746521.438155000","08:00:27:d1:c5:85","08:00:27:b0:8c:2e",,,
"289","1775746521.438847000","08:00:27:d1:c5:85","08:00:27:b0:8c:2e",,,
"290","1775746521.439388000","08:00:27:d1:c5:85","08:00:27:b0:8c:2e",,,
"291","1775746521.439930000","08:00:27:b0:8c:2e","08:00:27:d1:c5:85",,,
"292","1775746521.440496000","08:00:27:d1:c5:85","08:00:27:b0:8c:2e",,,
"293","1775746521.441081000","08:00:27:d1:c5:85","08:00:27:b0:8c:2e",,,
"294","1775746521.441396000","08:00:27:b0:8c:2e","08:00:27:d1:c5:85",,,
"295","1775746521.442146000","08:00:27:d1:c5:85","08:00:27:b0:8c:2e",,,
"296","1775746521.443753000","08:00:27:b0:8c:2e","08:00:27:d1:c5:85",,,
"297","1775746521.946853000","08:00:27:d1:c5:85","08:00:27:b0:8c:2e",,,
"298","1775746521.992245000","08:00:27:b0:8c:2e","08:00:27:d1:c5:85",,,
"299","1775746522.160185000","08:00:27:b0:8c:2e","08:00:27:d1:c5:85",,,
"300","1775746522.160201000","08:00:27:d1:c5:85","08:00:27:b0:8c:2e",,,
"301","1775746522.954845000","08:00:27:d1:c5:85","08:00:27:b0:8c:2e",,,
"302","1775746522.957302000","08:00:27:b0:8c:2e","08:00:27:d1:c5:85",,,
"303","1775746522.959198000","08:00:27:b0:8c:2e","08:00:27:d1:c5:85",,,
"304","1775746523.008657000","08:00:27:d1:c5:85","08:00:27:b0:8c:2e",,,
"305","1775746523.163706000","08:00:27:b0:8c:2e","08:00:27:d1:c5:85",,,
"306","1775746523.163742000","08:00:27:d1:c5:85","08:00:27:b0:8c:2e",,,
"307","1775746523.954767000","08:00:27:d1:c5:85","08:00:27:b0:8c:2e",,,
"308","1775746524.000283000","08:00:27:b0:8c:2e","08:00:27:d1:c5:85",,,
"309","1775746524.164134000","08:00:27:b0:8c:2e","08:00:27:d1:c5:85",,,
"310","1775746524.164150000","08:00:27:d1:c5:85","08:00:27:b0:8c:2e",,,
"311","1775746524.967785000","08:00:27:d1:c5:85","08:00:27:b0:8c:2e",,,
"312","1775746524.969154000","08:00:27:b0:8c:2e","08:00:27:d1:c5:85",,,
"313","1775746525.179467000","08:00:27:b0:8c:2e","08:00:27:d1:c5:85",,,
"314","1775746525.179484000","08:00:27:d1:c5:85","08:00:27:b0:8c:2e",,,
"315","1775746525.976492000","08:00:27:d1:c5:85","08:00:27:b0:8c:2e",,,
"316","1775746525.978357000","08:00:27:b0:8c:2e","08:00:27:d1:c5:85",,,
"317","1775746526.203693000","08:00:27:b0:8c:2e","08:00:27:d1:c5:85",,,
"318","1775746526.203709000","08:00:27:d1:c5:85","08:00:27:b0:8c:2e",,,
"319","1775746526.884313000","08:00:27:d1:c5:85","08:00:27:b0:8c:2e",,,
"320","1775746526.885796000","08:00:27:b0:8c:2e","08:00:27:d1:c5:85",,,
"321","1775746527.205473000","08:00:27:b0:8c:2e","08:00:27:d1:c5:85",,,
"322","1775746527.205497000","08:00:27:d1:c5:85","08:00:27:b0:8c:2e",,,
"323","1775746527.893013000","08:00:27:d1:c5:85","08:00:27:b0:8c:2e",,,
"324","1775746527.897417000","08:00:27:b0:8c:2e","08:00:27:d1:c5:85",,,
"325","1775746528.207465000","08:00:27:b0:8c:2e","08:00:27:d1:c5:85",,,
"326","1775746528.207490000","08:00:27:d1:c5:85","08:00:27:b0:8c:2e",,,
"327","1775746528.907042000","08:00:27:d1:c5:85","08:00:27:b0:8c:2e",,,
"328","1775746528.910099000","08:00:27:b0:8c:2e","08:00:27:d1:c5:85",,,
"329","1775746529.207992000","08:00:27:b0:8c:2e","08:00:27:d1:c5:85",,,
"330","1775746529.208011000","08:00:27:d1:c5:85","08:00:27:b0:8c:2e",,,
"331","1775746529.917560000","08:00:27:d1:c5:85","08:00:27:b0:8c:2e",,,
"332","1775746529.919856000","08:00:27:b0:8c:2e","08:00:27:d1:c5:85",,,
"333","1775746530.209933000","08:00:27:b0:8c:2e","08:00:27:d1:c5:85",,,
"334","1775746530.209953000","08:00:27:d1:c5:85","08:00:27:b0:8c:2e",,,
"335","1775746530.927750000","08:00:27:d1:c5:85","08:00:27:b0:8c:2e",,,
"336","1775746530.931160000","08:00:27:b0:8c:2e","08:00:27:d1:c5:85",,,
"337","1775746530.931162000","08:00:27:b0:8c:2e","08:00:27:d1:c5:85",,,
"338","1775746530.931203000","08:00:27:d1:c5:85","08:00:27:b0:8c:2e",,,
"339","1775746531.210860000","08:00:27:b0:8c:2e","08:00:27:d1:c5:85",,,
"340","1775746531.210880000","08:00:27:d1:c5:85","08:00:27:b0:8c:2e",,,
"341","1775746531.479236000","08:00:27:b0:8c:2e","08:00:27:d1:c5:85",,,
"342","1775746531.479287000","08:00:27:d1:c5:85","08:00:27:b0:8c:2e",,,
"343","1775746531.480140000","08:00:27:d1:c5:85","08:00:27:b0:8c:2e",,,
"344","1775746531.483467000","08:00:27:d1:c5:85","08:00:27:b0:8c:2e",,,
"345","1775746531.487047000","08:00:27:b0:8c:2e","08:00:27:d1:c5:85",,,
"346","1775746531.488202000","08:00:27:d1:c5:85","08:00:27:b0:8c:2e",,,
"347","1775746531.490180000","08:00:27:d1:c5:85","08:00:27:b0:8c:2e",,,
"348","1775746531.495247000","08:00:27:b0:8c:2e","08:00:27:d1:c5:85",,,
"349","1775746531.496343000","08:00:27:d1:c5:85","08:00:27:b0:8c:2e",,,
"350","1775746531.498720000","08:00:27:d1:c5:85","08:00:27:b0:8c:2e",,,
"351","1775746531.502157000","08:00:27:b0:8c:2e","08:00:27:d1:c5:85",,,
"352","1775746531.913497000","08:00:27:d1:c5:85","08:00:27:b0:8c:2e",,,
"353","1775746531.956344000","08:00:27:b0:8c:2e","08:00:27:d1:c5:85",,,
"354","1775746532.211885000","08:00:27:b0:8c:2e","08:00:27:d1:c5:85",,,
"355","1775746532.211903000","08:00:27:d1:c5:85","08:00:27:b0:8c:2e",,,
"356","1775746532.737355000","08:00:27:d1:c5:85","01:0c:cd:01:00:01","simpleIOGenericIO/LLN0$GO$gcbAnalogValues","1","0"
"357","1775746532.923639000","08:00:27:d1:c5:85","08:00:27:b0:8c:2e",,,
"358","1775746532.925091000","08:00:27:b0:8c:2e","08:00:27:d1:c5:85",,,
"359","1775746532.925092000","08:00:27:b0:8c:2e","08:00:27:d1:c5:85",,,
"360","1775746532.966052000","08:00:27:d1:c5:85","08:00:27:b0:8c:2e",,,
"361","1775746533.243879000","08:00:27:b0:8c:2e","08:00:27:d1:c5:85",,,
"362","1775746533.243896000","08:00:27:d1:c5:85","08:00:27:b0:8c:2e",,,
"363","1775746533.739062000","08:00:27:d1:c5:85","01:0c:cd:01:00:01","simpleIOGenericIO/LLN0$GO$gcbAnalogValues","1","1"
"364","1775746533.933857000","08:00:27:d1:c5:85","08:00:27:b0:8c:2e",,,
"365","1775746533.980895000","08:00:27:b0:8c:2e","08:00:27:d1:c5:85",,,
"366","1775746534.272164000","08:00:27:b0:8c:2e","08:00:27:d1:c5:85",,,
"367","1775746534.272193000","08:00:27:d1:c5:85","08:00:27:b0:8c:2e",,,
"368","1775746534.740271000","08:00:27:d1:c5:85","01:0c:cd:01:00:01","simpleIOGenericIO/LLN0$GO$gcbAnalogValues","1","2"
"369","1775746534.943667000","08:00:27:d1:c5:85","08:00:27:b0:8c:2e",,,
"370","1775746534.944776000","08:00:27:b0:8c:2e","08:00:27:d1:c5:85",,,
"371","1775746535.292055000","08:00:27:b0:8c:2e","08:00:27:d1:c5:85",,,
"372","1775746535.292081000","08:00:27:d1:c5:85","08:00:27:b0:8c:2e",,,
"373","1775746535.741036000","08:00:27:d1:c5:85","01:0c:cd:01:00:01","simpleIOGenericIO/LLN0$GO$gcbAnalogValues","1","3"
"374","1775746536.099601000","08:00:27:d1:c5:85","08:00:27:b0:8c:2e",,,
"375","1775746536.102592000","08:00:27:b0:8c:2e","08:00:27:d1:c5:85",,,
"376","1775746536.294102000","08:00:27:b0:8c:2e","08:00:27:d1:c5:85",,,
"377","1775746536.294127000","08:00:27:d1:c5:85","08:00:27:b0:8c:2e",,,
"378","1775746536.781538000","08:00:27:d1:c5:85","01:0c:cd:01:00:01","simpleIOGenericIO/LLN0$GO$gcbAnalogValues","1","0"
"379","1775746537.107386000","08:00:27:d1:c5:85","08:00:27:b0:8c:2e",,,
"380","1775746537.109276000","08:00:27:b0:8c:2e","08:00:27:d1:c5:85",,,
"381","1775746537.300900000","08:00:27:b0:8c:2e","08:00:27:d1:c5:85",,,
"382","1775746537.300924000","08:00:27:d1:c5:85","08:00:27:b0:8c:2e",,,
"383","1775746537.783268000","08:00:27:d1:c5:85","01:0c:cd:01:00:01","simpleIOGenericIO/LLN0$GO$gcbAnalogValues","1","1"
"384","1775746538.014364000","08:00:27:d1:c5:85","08:00:27:b0:8c:2e",,,
"385","1775746538.018082000","08:00:27:b0:8c:2e","08:00:27:d1:c5:85",,,
"386","1775746538.301210000","08:00:27:b0:8c:2e","08:00:27:d1:c5:85",,,
"387","1775746538.301230000","08:00:27:d1:c5:85","08:00:27:b0:8c:2e",,,
"388","1775746538.785054000","08:00:27:d1:c5:85","01:0c:cd:01:00:01","simpleIOGenericIO/LLN0$GO$gcbAnalogValues","1","2"
"389","1775746539.027385000","08:00:27:d1:c5:85","08:00:27:b0:8c:2e",,,
"390","1775746539.030330000","08:00:27:b0:8c:2e","08:00:27:d1:c5:85",,,
"391","1775746539.302673000","08:00:27:b0:8c:2e","08:00:27:d1:c5:85",,,
"392","1775746539.302694000","08:00:27:d1:c5:85","08:00:27:b0:8c:2e",,,
"393","1775746540.303839000","08:00:27:b0:8c:2e","08:00:27:d1:c5:85",,,
"394","1775746540.303864000","08:00:27:d1:c5:85","08:00:27:b0:8c:2e",,,
"395","1775746540.802084000","08:00:27:d1:c5:85","01:0c:cd:01:00:01","simpleIOGenericIO/LLN0$GO$gcbAnalogValues","1","3"
"396","1775746540.901848000","08:00:27:d1:c5:85","08:00:27:b0:8c:2e",,,
"397","1775746540.902780000","08:00:27:b0:8c:2e","08:00:27:d1:c5:85",,,
"398","1775746541.306068000","08:00:27:b0:8c:2e","08:00:27:d1:c5:85",,,
"399","1775746541.306084000","08:00:27:d1:c5:85","08:00:27:b0:8c:2e",,,
"400","1775746541.481212000","08:00:27:b0:8c:2e","08:00:27:d1:c5:85",,,
"401","1775746541.481277000","08:00:27:d1:c5:85","08:00:27:b0:8c:2e",,,
"402","1775746541.481386000","08:00:27:d1:c5:85","08:00:27:b0:8c:2e",,,
"403","1775746541.481452000","08:00:27:d1:c5:85","08:00:27:b0:8c:2e",,,
"404","1775746541.481826000","08:00:27:b0:8c:2e","08:00:27:d1:c5:85",,,
"405","1775746541.481827000","08:00:27:b0:8c:2e","08:00:27:d1:c5:85",,,
"406","1775746541.481839000","08:00:27:d1:c5:85","08:00:27:b0:8c:2e",,,
"407","1775746541.482506000","08:00:27:b0:8c:2e","08:00:27:d1:c5:85",,,
"408","1775746541.850727000","08:00:27:d1:c5:85","01:0c:cd:01:00:01","simpleIOGenericIO/LLN0$GO$gcbAnalogValues","1","0"
"409","1775746541.883118000","08:00:27:d1:c5:85","08:00:27:b0:8c:2e",,,
"410","1775746541.884088000","08:00:27:b0:8c:2e","08:00:27:d1:c5:85",,,
"411","1775746542.307985000","08:00:27:b0:8c:2e","08:00:27:d1:c5:85",,,
"412","1775746542.308007000","08:00:27:d1:c5:85","08:00:27:b0:8c:2e",,,
"413","1775746542.852596000","08:00:27:d1:c5:85","01:0c:cd:01:00:01","simpleIOGenericIO/LLN0$GO$gcbAnalogValues","1","1"
"414","1775746542.894148000","08:00:27:d1:c5:85","08:00:27:b0:8c:2e",,,
"415","1775746542.897452000","08:00:27:b0:8c:2e","08:00:27:d1:c5:85",,,
"416","1775746542.897454000","08:00:27:b0:8c:2e","08:00:27:d1:c5:85",,,
"417","1775746542.940742000","08:00:27:d1:c5:85","08:00:27:b0:8c:2e",,,
"418","1775746543.308162000","08:00:27:b0:8c:2e","08:00:27:d1:c5:85",,,
"419","1775746543.308188000","08:00:27:d1:c5:85","08:00:27:b0:8c:2e",,,
"420","1775746543.855914000","08:00:27:d1:c5:85","01:0c:cd:01:00:01","simpleIOGenericIO/LLN0$GO$gcbAnalogValues","1","2"
"421","1775746543.904645000","08:00:27:d1:c5:85","08:00:27:b0:8c:2e",,,
"422","1775746543.948300000","08:00:27:b0:8c:2e","08:00:27:d1:c5:85",,,
"423","1775746544.309204000","08:00:27:b0:8c:2e","08:00:27:d1:c5:85",,,
"424","1775746544.309222000","08:00:27:d1:c5:85","08:00:27:b0:8c:2e",,,
"425","1775746544.809894000","08:00:27:d1:c5:85","08:00:27:b0:8c:2e",,,
"426","1775746544.812353000","08:00:27:b0:8c:2e","08:00:27:d1:c5:85",,,
"427","1775746544.856923000","08:00:27:d1:c5:85","01:0c:cd:01:00:01","simpleIOGenericIO/LLN0$GO$gcbAnalogValues","1","3"
"428","1775746545.339735000","08:00:27:b0:8c:2e","08:00:27:d1:c5:85",,,
"429","1775746545.339751000","08:00:27:d1:c5:85","08:00:27:b0:8c:2e",,,
"430","1775746545.819487000","08:00:27:d1:c5:85","08:00:27:b0:8c:2e",,,
"431","1775746545.823060000","08:00:27:b0:8c:2e","08:00:27:d1:c5:85",,,
"432","1775746545.924439000","08:00:27:d1:c5:85","01:0c:cd:01:00:01","simpleIOGenericIO/LLN0$GO$gcbAnalogValues","1","0"
"433","1775746546.342193000","08:00:27:b0:8c:2e","08:00:27:d1:c5:85",,,
"434","1775746546.342223000","08:00:27:d1:c5:85","08:00:27:b0:8c:2e",,,
"435","1775746546.828157000","08:00:27:d1:c5:85","08:00:27:b0:8c:2e",,,
"436","1775746546.828970000","08:00:27:b0:8c:2e","08:00:27:d1:c5:85",,,
"437","1775746546.925373000","08:00:27:d1:c5:85","01:0c:cd:01:00:01","simpleIOGenericIO/LLN0$GO$gcbAnalogValues","1","1"
"438","1775746547.344230000","08:00:27:b0:8c:2e","08:00:27:d1:c5:85",,,
"439","1775746547.344253000","08:00:27:d1:c5:85","08:00:27:b0:8c:2e",,,
"440","1775746547.840763000","08:00:27:d1:c5:85","08:00:27:b0:8c:2e",,,
"441","1775746547.842254000","08:00:27:b0:8c:2e","08:00:27:d1:c5:85",,,
"442","1775746547.927241000","08:00:27:d1:c5:85","01:0c:cd:01:00:01","simpleIOGenericIO/LLN0$GO$gcbAnalogValues","1","2"
"443","1775746548.346177000","08:00:27:b0:8c:2e","08:00:27:d1:c5:85",,,
"444","1775746548.346211000","08:00:27:d1:c5:85","08:00:27:b0:8c:2e",,,
"445","1775746548.847280000","08:00:27:d1:c5:85","08:00:27:b0:8c:2e",,,
"446","1775746548.849286000","08:00:27:b0:8c:2e","08:00:27:d1:c5:85",,,
"447","1775746548.927747000","08:00:27:d1:c5:85","01:0c:cd:01:00:01","simpleIOGenericIO/LLN0$GO$gcbAnalogValues","1","3"
"448","1775746549.347551000","08:00:27:b0:8c:2e","08:00:27:d1:c5:85",,,
"449","1775746549.347577000","08:00:27:d1:c5:85","08:00:27:b0:8c:2e",,,
"450","1775746549.858511000","08:00:27:d1:c5:85","08:00:27:b0:8c:2e",,,
"451","1775746549.860506000","08:00:27:b0:8c:2e","08:00:27:d1:c5:85",,,
"452","1775746549.989836000","08:00:27:d1:c5:85","01:0c:cd:01:00:01","simpleIOGenericIO/LLN0$GO$gcbAnalogValues","1","0"
"453","1775746550.350227000","08:00:27:b0:8c:2e","08:00:27:d1:c5:85",,,
"454","1775746550.350260000","08:00:27:d1:c5:85","08:00:27:b0:8c:2e",,,
"455","1775746551.032906000","08:00:27:d1:c5:85","01:0c:cd:01:00:01","simpleIOGenericIO/LLN0$GO$gcbAnalogValues","1","1"
"456","1775746551.034335000","08:00:27:d1:c5:85","08:00:27:b0:8c:2e",,,
"457","1775746551.036420000","08:00:27:b0:8c:2e","08:00:27:d1:c5:85",,,
"458","1775746551.040203000","08:00:27:b0:8c:2e","08:00:27:d1:c5:85",,,
"459","1775746551.040368000","08:00:27:d1:c5:85","08:00:27:b0:8c:2e",,,
"460","1775746551.349709000","08:00:27:b0:8c:2e","08:00:27:d1:c5:85",,,
"461","1775746551.349730000","08:00:27:d1:c5:85","08:00:27:b0:8c:2e",,,
"462","1775746551.546164000","08:00:27:b0:8c:2e","08:00:27:d1:c5:85",,,
"463","1775746551.546503000","08:00:27:d1:c5:85","08:00:27:b0:8c:2e",,,
"464","1775746551.549362000","08:00:27:d1:c5:85","08:00:27:b0:8c:2e",,,
"465","1775746551.550462000","08:00:27:d1:c5:85","08:00:27:b0:8c:2e",,,
"466","1775746551.554014000","08:00:27:d1:c5:85","08:00:27:b0:8c:2e",,,
"467","1775746551.560063000","08:00:27:b0:8c:2e","08:00:27:d1:c5:85",,,
"468","1775746552.042936000","08:00:27:d1:c5:85","01:0c:cd:01:00:01","simpleIOGenericIO/LLN0$GO$gcbAnalogValues","1","2"
"469","1775746552.063291000","08:00:27:d1:c5:85","08:00:27:b0:8c:2e",,,
"470","1775746552.107754000","08:00:27:b0:8c:2e","08:00:27:d1:c5:85",,,
"471","1775746552.351747000","08:00:27:b0:8c:2e","08:00:27:d1:c5:85",,,
"472","1775746552.351761000","08:00:27:d1:c5:85","08:00:27:b0:8c:2e",,,
"473","1775746553.043999000","08:00:27:d1:c5:85","01:0c:cd:01:00:01","simpleIOGenericIO/LLN0$GO$gcbAnalogValues","1","3"
"474","1775746553.069829000","08:00:27:d1:c5:85","08:00:27:b0:8c:2e",,,
"475","1775746553.074183000","08:00:27:b0:8c:2e","08:00:27:d1:c5:85",,,
"476","1775746553.074184000","08:00:27:b0:8c:2e","08:00:27:d1:c5:85",,,
"477","1775746553.122816000","08:00:27:d1:c5:85","08:00:27:b0:8c:2e",,,
"478","1775746553.354539000","08:00:27:b0:8c:2e","08:00:27:d1:c5:85",,,
"479","1775746553.354583000","08:00:27:d1:c5:85","08:00:27:b0:8c:2e",,,
"480","1775746554.082214000","08:00:27:d1:c5:85","08:00:27:b0:8c:2e",,,
"481","1775746554.123679000","08:00:27:d1:c5:85","01:0c:cd:01:00:01","simpleIOGenericIO/LLN0$GO$gcbAnalogValues","1","0"
"482","1775746554.127247000","08:00:27:b0:8c:2e","08:00:27:d1:c5:85",,,
"483","1775746554.353899000","08:00:27:b0:8c:2e","08:00:27:d1:c5:85",,,
"484","1775746554.353916000","08:00:27:d1:c5:85","08:00:27:b0:8c:2e",,,
"485","1775746555.088356000","08:00:27:d1:c5:85","08:00:27:b0:8c:2e",,,
"486","1775746555.091490000","08:00:27:b0:8c:2e","08:00:27:d1:c5:85",,,
"487","1775746555.124879000","08:00:27:d1:c5:85","01:0c:cd:01:00:01","simpleIOGenericIO/LLN0$GO$gcbAnalogValues","1","1"
"488","1775746555.357267000","08:00:27:b0:8c:2e","08:00:27:d1:c5:85",,,
"489","1775746555.357293000","08:00:27:d1:c5:85","08:00:27:b0:8c:2e",,,
"490","1775746556.049553000","08:00:27:d1:c5:85","08:00:27:b0:8c:2e",,,
"491","1775746556.052595000","08:00:27:b0:8c:2e","08:00:27:d1:c5:85",,,
"492","1775746556.126428000","08:00:27:d1:c5:85","01:0c:cd:01:00:01","simpleIOGenericIO/LLN0$GO$gcbAnalogValues","1","2"
"493","1775746556.358670000","08:00:27:b0:8c:2e","08:00:27:d1:c5:85",,,
"494","1775746556.358691000","08:00:27:d1:c5:85","08:00:27:b0:8c:2e",,,
"495","1775746557.119242000","08:00:27:d1:c5:85","08:00:27:b0:8c:2e",,,
"496","1775746557.121350000","08:00:27:b0:8c:2e","08:00:27:d1:c5:85",,,
"497","1775746557.127695000","08:00:27:d1:c5:85","01:0c:cd:01:00:01","simpleIOGenericIO/LLN0$GO$gcbAnalogValues","1","3"
"498","1775746557.360412000","08:00:27:b0:8c:2e","08:00:27:d1:c5:85",,,
"499","1775746557.360437000","08:00:27:d1:c5:85","08:00:27:b0:8c:2e",,,
"500","1775746558.132871000","08:00:27:d1:c5:85","08:00:27:b0:8c:2e",,,
"501","1775746558.136234000","08:00:27:b0:8c:2e","08:00:27:d1:c5:85",,,
"502","1775746558.226317000","08:00:27:d1:c5:85","01:0c:cd:01:00:01","simpleIOGenericIO/LLN0$GO$gcbAnalogValues","1","0"
"503","1775746558.361738000","08:00:27:b0:8c:2e","08:00:27:d1:c5:85",,,
"504","1775746558.361756000","08:00:27:d1:c5:85","08:00:27:b0:8c:2e",,,
"505","1775746559.148145000","08:00:27:d1:c5:85","08:00:27:b0:8c:2e",,,
"506","1775746559.149948000","08:00:27:b0:8c:2e","08:00:27:d1:c5:85",,,
"507","1775746559.227102000","08:00:27:d1:c5:85","01:0c:cd:01:00:01","simpleIOGenericIO/LLN0$GO$gcbAnalogValues","1","1"
"508","1775746559.365138000","08:00:27:b0:8c:2e","08:00:27:d1:c5:85",,,
"509","1775746559.365163000","08:00:27:d1:c5:85","08:00:27:b0:8c:2e",,,
"510","1775746560.057729000","08:00:27:d1:c5:85","08:00:27:b0:8c:2e",,,
"511","1775746560.059940000","08:00:27:b0:8c:2e","08:00:27:d1:c5:85",,,
"512","1775746560.227438000","08:00:27:d1:c5:85","01:0c:cd:01:00:01","simpleIOGenericIO/LLN0$GO$gcbAnalogValues","1","2"
"513","1775746560.368938000","08:00:27:b0:8c:2e","08:00:27:d1:c5:85",,,
"514","1775746560.368967000","08:00:27:d1:c5:85","08:00:27:b0:8c:2e",,,
"515","1775746561.089034000","08:00:27:d1:c5:85","08:00:27:b0:8c:2e",,,
"516","1775746561.091335000","08:00:27:b0:8c:2e","08:00:27:d1:c5:85",,,
"517","1775746561.091337000","08:00:27:b0:8c:2e","08:00:27:d1:c5:85",,,
"518","1775746561.091435000","08:00:27:d1:c5:85","08:00:27:b0:8c:2e",,,
"519","1775746561.227802000","08:00:27:d1:c5:85","01:0c:cd:01:00:01","simpleIOGenericIO/LLN0$GO$gcbAnalogValues","1","3"
"520","1775746561.370447000","08:00:27:b0:8c:2e","08:00:27:d1:c5:85",,,
"521","1775746561.370471000","08:00:27:d1:c5:85","08:00:27:b0:8c:2e",,,
"522","1775746561.633201000","08:00:27:b0:8c:2e","08:00:27:d1:c5:85",,,
"523","1775746561.633231000","08:00:27:d1:c5:85","08:00:27:b0:8c:2e",,,
"524","1775746561.634398000","08:00:27:d1:c5:85","08:00:27:b0:8c:2e",,,
"525","1775746561.635496000","08:00:27:d1:c5:85","08:00:27:b0:8c:2e",,,
"526","1775746561.636391000","08:00:27:d1:c5:85","08:00:27:b0:8c:2e",,,
"527","1775746561.637317000","08:00:27:d1:c5:85","08:00:27:b0:8c:2e",,,
"528","1775746561.638182000","08:00:27:b0:8c:2e","08:00:27:d1:c5:85",,,
"529","1775746561.638343000","08:00:27:d1:c5:85","08:00:27:b0:8c:2e",,,
"530","1775746561.639243000","08:00:27:d1:c5:85","08:00:27:b0:8c:2e",,,
"531","1775746561.641462000","08:00:27:b0:8c:2e","08:00:27:d1:c5:85",,,
"532","1775746562.143348000","08:00:27:d1:c5:85","08:00:27:b0:8c:2e",,,
"533","1775746562.188032000","08:00:27:b0:8c:2e","08:00:27:d1:c5:85",,,
"534","1775746562.254358000","08:00:27:d1:c5:85","01:0c:cd:01:00:01","simpleIOGenericIO/LLN0$GO$gcbAnalogValues","1","0"
"535","1775746562.372940000","08:00:27:b0:8c:2e","08:00:27:d1:c5:85",,,
"536","1775746562.372965000","08:00:27:d1:c5:85","08:00:27:b0:8c:2e",,,
"537","1775746563.152607000","08:00:27:d1:c5:85","08:00:27:b0:8c:2e",,,
"538","1775746563.154262000","08:00:27:b0:8c:2e","08:00:27:d1:c5:85",,,
"539","1775746563.156563000","08:00:27:b0:8c:2e","08:00:27:d1:c5:85",,,
"540","1775746563.199879000","08:00:27:d1:c5:85","08:00:27:b0:8c:2e",,,
"541","1775746563.255229000","08:00:27:d1:c5:85","01:0c:cd:01:00:01","simpleIOGenericIO/LLN0$GO$gcbAnalogValues","1","1"
"542","1775746563.376050000","08:00:27:b0:8c:2e","08:00:27:d1:c5:85",,,
"543","1775746563.376077000","08:00:27:d1:c5:85","08:00:27:b0:8c:2e",,,
"544","1775746564.081435000","08:00:27:d1:c5:85","08:00:27:b0:8c:2e",,,
"545","1775746564.132468000","08:00:27:b0:8c:2e","08:00:27:d1:c5:85",,,
"546","1775746564.256740000","08:00:27:d1:c5:85","01:0c:cd:01:00:01","simpleIOGenericIO/LLN0$GO$gcbAnalogValues","1","2"
"547","1775746564.378005000","08:00:27:b0:8c:2e","08:00:27:d1:c5:85",,,
"548","1775746564.378144000","08:00:27:d1:c5:85","08:00:27:b0:8c:2e",,,
"549","1775746565.090295000","08:00:27:d1:c5:85","08:00:27:b0:8c:2e",,,
"550","1775746565.094031000","08:00:27:b0:8c:2e","08:00:27:d1:c5:85",,,
"551","1775746565.258066000","08:00:27:d1:c5:85","01:0c:cd:01:00:01","simpleIOGenericIO/LLN0$GO$gcbAnalogValues","1","3"
"552","1775746565.378818000","08:00:27:b0:8c:2e","08:00:27:d1:c5:85",,,
"553","1775746565.378837000","08:00:27:d1:c5:85","08:00:27:b0:8c:2e",,,
"554","1775746566.099475000","08:00:27:d1:c5:85","08:00:27:b0:8c:2e",,,
"555","1775746566.101275000","08:00:27:b0:8c:2e","08:00:27:d1:c5:85",,,
"556","1775746566.342371000","08:00:27:d1:c5:85","01:0c:cd:01:00:01","simpleIOGenericIO/LLN0$GO$gcbAnalogValues","1","0"
"557","1775746566.379696000","08:00:27:b0:8c:2e","08:00:27:d1:c5:85",,,
"558","1775746566.379728000","08:00:27:d1:c5:85","08:00:27:b0:8c:2e",,,
"559","1775746567.147926000","08:00:27:d1:c5:85","08:00:27:b0:8c:2e",,,
"560","1775746567.150499000","08:00:27:b0:8c:2e","08:00:27:d1:c5:85",,,
"561","1775746567.343570000","08:00:27:d1:c5:85","01:0c:cd:01:00:01","simpleIOGenericIO/LLN0$GO$gcbAnalogValues","1","1"
"562","1775746567.382922000","08:00:27:b0:8c:2e","08:00:27:d1:c5:85",,,
"563","1775746567.382961000","08:00:27:d1:c5:85","08:00:27:b0:8c:2e",,,
"564","1775746568.059290000","08:00:27:d1:c5:85","08:00:27:b0:8c:2e",,,
"565","1775746568.060722000","08:00:27:b0:8c:2e","08:00:27:d1:c5:85",,,
"566","1775746568.346280000","08:00:27:d1:c5:85","01:0c:cd:01:00:01","simpleIOGenericIO/LLN0$GO$gcbAnalogValues","1","2"
"567","1775746568.386242000","08:00:27:b0:8c:2e","08:00:27:d1:c5:85",,,
"568","1775746568.386282000","08:00:27:d1:c5:85","08:00:27:b0:8c:2e",,,
"569","1775746569.068263000","08:00:27:d1:c5:85","08:00:27:b0:8c:2e",,,
"570","1775746569.070273000","08:00:27:b0:8c:2e","08:00:27:d1:c5:85",,,
"571","1775746569.347856000","08:00:27:d1:c5:85","01:0c:cd:01:00:01","simpleIOGenericIO/LLN0$GO$gcbAnalogValues","1","3"
"572","1775746569.387339000","08:00:27:b0:8c:2e","08:00:27:d1:c5:85",,,
"573","1775746569.387360000","08:00:27:d1:c5:85","08:00:27:b0:8c:2e",,,
"574","1775746570.074033000","08:00:27:d1:c5:85","08:00:27:b0:8c:2e",,,
"575","1775746570.076448000","08:00:27:b0:8c:2e","08:00:27:d1:c5:85",,,
"576","1775746570.392246000","08:00:27:b0:8c:2e","08:00:27:d1:c5:85",,,
"577","1775746570.392279000","08:00:27:d1:c5:85","08:00:27:b0:8c:2e",,,
"578","1775746570.398220000","08:00:27:d1:c5:85","01:0c:cd:01:00:01","simpleIOGenericIO/LLN0$GO$gcbAnalogValues","1","0"
"579","1775746571.083243000","08:00:27:d1:c5:85","08:00:27:b0:8c:2e",,,
"580","1775746571.086440000","08:00:27:b0:8c:2e","08:00:27:d1:c5:85",,,
"581","1775746571.086442000","08:00:27:b0:8c:2e","08:00:27:d1:c5:85",,,
"582","1775746571.086513000","08:00:27:d1:c5:85","08:00:27:b0:8c:2e",,,
"583","1775746571.393760000","08:00:27:b0:8c:2e","08:00:27:d1:c5:85",,,
"584","1775746571.393802000","08:00:27:d1:c5:85","08:00:27:b0:8c:2e",,,
"585","1775746571.429418000","08:00:27:d1:c5:85","01:0c:cd:01:00:01","simpleIOGenericIO/LLN0$GO$gcbAnalogValues","1","1"
"586","1775746571.637543000","08:00:27:b0:8c:2e","08:00:27:d1:c5:85",,,
"587","1775746571.637584000","08:00:27:d1:c5:85","08:00:27:b0:8c:2e",,,
"588","1775746571.638936000","08:00:27:d1:c5:85","08:00:27:b0:8c:2e",,,
"589","1775746571.640038000","08:00:27:d1:c5:85","08:00:27:b0:8c:2e",,,
"590","1775746571.641284000","08:00:27:d1:c5:85","08:00:27:b0:8c:2e",,,
"591","1775746571.642471000","08:00:27:b0:8c:2e","08:00:27:d1:c5:85",,,
"592","1775746571.643109000","08:00:27:d1:c5:85","08:00:27:b0:8c:2e",,,
"593","1775746571.644187000","08:00:27:d1:c5:85","08:00:27:b0:8c:2e",,,
"594","1775746571.645133000","08:00:27:b0:8c:2e","08:00:27:d1:c5:85",,,
"595","1775746571.646434000","08:00:27:d1:c5:85","08:00:27:b0:8c:2e",,,
"596","1775746571.648762000","08:00:27:b0:8c:2e","08:00:27:d1:c5:85",,,
"597","1775746572.193381000","08:00:27:d1:c5:85","08:00:27:b0:8c:2e",,,
"598","1775746572.235340000","08:00:27:b0:8c:2e","08:00:27:d1:c5:85",,,
"599","1775746572.394354000","08:00:27:b0:8c:2e","08:00:27:d1:c5:85",,,
"600","1775746572.394371000","08:00:27:d1:c5:85","08:00:27:b0:8c:2e",,,
"601","1775746572.450351000","08:00:27:d1:c5:85","01:0c:cd:01:00:01","simpleIOGenericIO/LLN0$GO$gcbAnalogValues","1","2"
"602","1775746573.398353000","08:00:27:b0:8c:2e","08:00:27:d1:c5:85",,,
"603","1775746573.398399000","08:00:27:d1:c5:85","08:00:27:b0:8c:2e",,,
"604","1775746573.404267000","08:00:27:d1:c5:85","08:00:27:b0:8c:2e",,,
"605","1775746573.410768000","08:00:27:b0:8c:2e","08:00:27:d1:c5:85",,,
"606","1775746573.410771000","08:00:27:b0:8c:2e","08:00:27:d1:c5:85",,,
"607","1775746573.458560000","08:00:27:d1:c5:85","08:00:27:b0:8c:2e",,,
"608","1775746573.459549000","08:00:27:d1:c5:85","01:0c:cd:01:00:01","simpleIOGenericIO/LLN0$GO$gcbAnalogValues","1","3"
"609","1775746574.317604000","08:00:27:d1:c5:85","08:00:27:b0:8c:2e",,,
"610","1775746574.359707000","08:00:27:b0:8c:2e","08:00:27:d1:c5:85",,,
"611","1775746574.399285000","08:00:27:b0:8c:2e","08:00:27:d1:c5:85",,,
"612","1775746574.399312000","08:00:27:d1:c5:85","08:00:27:b0:8c:2e",,,
"613","1775746574.558116000","08:00:27:d1:c5:85","01:0c:cd:01:00:01","simpleIOGenericIO/LLN0$GO$gcbAnalogValues","1","0"
"614","1775746575.325721000","08:00:27:d1:c5:85","08:00:27:b0:8c:2e",,,
"615","1775746575.327536000","08:00:27:b0:8c:2e","08:00:27:d1:c5:85",,,
"616","1775746575.400281000","08:00:27:b0:8c:2e","08:00:27:d1:c5:85",,,
"617","1775746575.400309000","08:00:27:d1:c5:85","08:00:27:b0:8c:2e",,,
"618","1775746575.558989000","08:00:27:d1:c5:85","01:0c:cd:01:00:01","simpleIOGenericIO/LLN0$GO$gcbAnalogValues","1","1"
"619","1775746576.332220000","08:00:27:d1:c5:85","08:00:27:b0:8c:2e",,,
"620","1775746576.334369000","08:00:27:b0:8c:2e","08:00:27:d1:c5:85",,,
"621","1775746576.402713000","08:00:27:b0:8c:2e","08:00:27:d1:c5:85",,,
"622","1775746576.402730000","08:00:27:d1:c5:85","08:00:27:b0:8c:2e",,,
"623","1775746576.575360000","08:00:27:d1:c5:85","01:0c:cd:01:00:01","simpleIOGenericIO/LLN0$GO$gcbAnalogValues","1","2"
"624","1775746577.344415000","08:00:27:d1:c5:85","08:00:27:b0:8c:2e",,,
"625","1775746577.347105000","08:00:27:b0:8c:2e","08:00:27:d1:c5:85",,,
"626","1775746577.404028000","08:00:27:b0:8c:2e","08:00:27:d1:c5:85",,,
"627","1775746577.404056000","08:00:27:d1:c5:85","08:00:27:b0:8c:2e",,,
"628","1775746577.744951000","08:00:27:d1:c5:85","01:0c:cd:01:00:01","simpleIOGenericIO/LLN0$GO$gcbAnalogValues","1","3"
"629","1775746578.348055000","08:00:27:d1:c5:85","08:00:27:b0:8c:2e",,,
"630","1775746578.349486000","08:00:27:b0:8c:2e","08:00:27:d1:c5:85",,,
"631","1775746578.406704000","08:00:27:b0:8c:2e","08:00:27:d1:c5:85",,,
"632","1775746578.406733000","08:00:27:d1:c5:85","08:00:27:b0:8c:2e",,,
"633","1775746578.825993000","08:00:27:d1:c5:85","01:0c:cd:01:00:01","simpleIOGenericIO/LLN0$GO$gcbAnalogValues","1","0"
"634","1775746579.259764000","08:00:27:d1:c5:85","08:00:27:b0:8c:2e",,,
"635","1775746579.260984000","08:00:27:b0:8c:2e","08:00:27:d1:c5:85",,,
"636","1775746579.408296000","08:00:27:b0:8c:2e","08:00:27:d1:c5:85",,,
"637","1775746579.408321000","08:00:27:d1:c5:85","08:00:27:b0:8c:2e",,,
"638","1775746579.827063000","08:00:27:d1:c5:85","01:0c:cd:01:00:01","simpleIOGenericIO/LLN0$GO$gcbAnalogValues","1","1"
"639","1775746580.269172000","08:00:27:d1:c5:85","08:00:27:b0:8c:2e",,,
"640","1775746580.269977000","08:00:27:b0:8c:2e","08:00:27:d1:c5:85",,,
"641","1775746580.411082000","08:00:27:b0:8c:2e","08:00:27:d1:c5:85",,,
"642","1775746580.411125000","08:00:27:d1:c5:85","08:00:27:b0:8c:2e",,,
"643","1775746580.840031000","08:00:27:d1:c5:85","01:0c:cd:01:00:01","simpleIOGenericIO/LLN0$GO$gcbAnalogValues","1","2"
"644","1775746581.285647000","08:00:27:d1:c5:85","08:00:27:b0:8c:2e",,,
"645","1775746581.286681000","08:00:27:b0:8c:2e","08:00:27:d1:c5:85",,,
"646","1775746581.287675000","08:00:27:b0:8c:2e","08:00:27:d1:c5:85",,,
"647","1775746581.287691000","08:00:27:d1:c5:85","08:00:27:b0:8c:2e",,,
"648","1775746581.412380000","08:00:27:b0:8c:2e","08:00:27:d1:c5:85",,,
"649","1775746581.412405000","08:00:27:d1:c5:85","08:00:27:b0:8c:2e",,,
"650","1775746581.729363000","08:00:27:b0:8c:2e","08:00:27:d1:c5:85",,,
"651","1775746581.729395000","08:00:27:d1:c5:85","08:00:27:b0:8c:2e",,,
"652","1775746581.730511000","08:00:27:d1:c5:85","08:00:27:b0:8c:2e",,,
"653","1775746581.731409000","08:00:27:d1:c5:85","08:00:27:b0:8c:2e",,,
"654","1775746581.732308000","08:00:27:d1:c5:85","08:00:27:b0:8c:2e",,,
"655","1775746581.738050000","08:00:27:b0:8c:2e","08:00:27:d1:c5:85",,,
"656","1775746581.738230000","08:00:27:d1:c5:85","08:00:27:b0:8c:2e",,,
"657","1775746581.739235000","08:00:27:d1:c5:85","08:00:27:b0:8c:2e",,,
"658","1775746581.740047000","08:00:27:d1:c5:85","08:00:27:b0:8c:2e",,,
"659","1775746581.742050000","08:00:27:b0:8c:2e","08:00:27:d1:c5:85",,,
"660","1775746581.841901000","08:00:27:d1:c5:85","01:0c:cd:01:00:01","simpleIOGenericIO/LLN0$GO$gcbAnalogValues","1","3"
"661","1775746582.344490000","08:00:27:d1:c5:85","08:00:27:b0:8c:2e",,,
"662","1775746582.387833000","08:00:27:b0:8c:2e","08:00:27:d1:c5:85",,,
"663","1775746582.414199000","08:00:27:b0:8c:2e","08:00:27:d1:c5:85",,,
"664","1775746582.414222000","08:00:27:d1:c5:85","08:00:27:b0:8c:2e",,,
"665","1775746582.896110000","08:00:27:d1:c5:85","01:0c:cd:01:00:01","simpleIOGenericIO/LLN0$GO$gcbAnalogValues","1","0"
"666","1775746583.251445000","08:00:27:d1:c5:85","08:00:27:b0:8c:2e",,,
"667","1775746583.252235000","08:00:27:b0:8c:2e","08:00:27:d1:c5:85",,,
"668","1775746583.252236000","08:00:27:b0:8c:2e","08:00:27:d1:c5:85",,,
"669","1775746583.294207000","08:00:27:d1:c5:85","08:00:27:b0:8c:2e",,,
"670","1775746583.416441000","08:00:27:b0:8c:2e","08:00:27:d1:c5:85",,,
"671","1775746583.416463000","08:00:27:d1:c5:85","08:00:27:b0:8c:2e",,,
"672","1775746583.897076000","08:00:27:d1:c5:85","01:0c:cd:01:00:01","simpleIOGenericIO/LLN0$GO$gcbAnalogValues","1","1"
"673","1775746584.261108000","08:00:27:d1:c5:85","08:00:27:b0:8c:2e",,,
"674","1775746584.303491000","08:00:27:b0:8c:2e","08:00:27:d1:c5:85",,,
"675","1775746584.419737000","08:00:27:b0:8c:2e","08:00:27:d1:c5:85",,,
"676","1775746584.419771000","08:00:27:d1:c5:85","08:00:27:b0:8c:2e",,,
"677","1775746584.897974000","08:00:27:d1:c5:85","01:0c:cd:01:00:01","simpleIOGenericIO/LLN0$GO$gcbAnalogValues","1","2"
"678","1775746585.270280000","08:00:27:d1:c5:85","08:00:27:b0:8c:2e",,,
"679","1775746585.271466000","08:00:27:b0:8c:2e","08:00:27:d1:c5:85",,,
"680","1775746585.421500000","08:00:27:b0:8c:2e","08:00:27:d1:c5:85",,,
"681","1775746585.421523000","08:00:27:d1:c5:85","08:00:27:b0:8c:2e",,,
"682","1775746585.901574000","08:00:27:d1:c5:85","01:0c:cd:01:00:01","simpleIOGenericIO/LLN0$GO$gcbAnalogValues","1","3"
"683","1775746586.284291000","08:00:27:d1:c5:85","08:00:27:b0:8c:2e",,,
"684","1775746586.286309000","08:00:27:b0:8c:2e","08:00:27:d1:c5:85",,,
"685","1775746586.427372000","08:00:27:b0:8c:2e","08:00:27:d1:c5:85",,,
"686","1775746586.427400000","08:00:27:d1:c5:85","08:00:27:b0:8c:2e",,,
"687","1775746587.005303000","08:00:27:d1:c5:85","01:0c:cd:01:00:01","simpleIOGenericIO/LLN0$GO$gcbAnalogValues","1","0"
"688","1775746587.293240000","08:00:27:d1:c5:85","08:00:27:b0:8c:2e",,,
"689","1775746587.297977000","08:00:27:b0:8c:2e","08:00:27:d1:c5:85",,,
"690","1775746587.431310000","08:00:27:b0:8c:2e","08:00:27:d1:c5:85",,,
"691","1775746587.431356000","08:00:27:d1:c5:85","08:00:27:b0:8c:2e",,,
"692","1775746588.007654000","08:00:27:d1:c5:85","01:0c:cd:01:00:01","simpleIOGenericIO/LLN0$GO$gcbAnalogValues","1","1"
"693","1775746588.283405000","08:00:27:d1:c5:85","08:00:27:b0:8c:2e",,,
"694","1775746588.284097000","08:00:27:b0:8c:2e","08:00:27:d1:c5:85",,,
"695","1775746588.430892000","08:00:27:b0:8c:2e","08:00:27:d1:c5:85",,,
"696","1775746588.430916000","08:00:27:d1:c5:85","08:00:27:b0:8c:2e",,,
"697","1775746589.010145000","08:00:27:d1:c5:85","01:0c:cd:01:00:01","simpleIOGenericIO/LLN0$GO$gcbAnalogValues","1","2"
"698","1775746589.287514000","08:00:27:d1:c5:85","08:00:27:b0:8c:2e",,,
"699","1775746589.288207000","08:00:27:b0:8c:2e","08:00:27:d1:c5:85",,,
"700","1775746589.438284000","08:00:27:b0:8c:2e","08:00:27:d1:c5:85",,,
"701","1775746589.438333000","08:00:27:d1:c5:85","08:00:27:b0:8c:2e",,,
"702","1775746590.011058000","08:00:27:d1:c5:85","01:0c:cd:01:00:01","simpleIOGenericIO/LLN0$GO$gcbAnalogValues","1","3"
"703","1775746590.294268000","08:00:27:d1:c5:85","08:00:27:b0:8c:2e",,,
"704","1775746590.295268000","08:00:27:b0:8c:2e","08:00:27:d1:c5:85",,,
"705","1775746590.438429000","08:00:27:b0:8c:2e","08:00:27:d1:c5:85",,,
"706","1775746590.438632000","08:00:27:d1:c5:85","08:00:27:b0:8c:2e",,,
"707","1775746591.071658000","08:00:27:d1:c5:85","01:0c:cd:01:00:01","simpleIOGenericIO/LLN0$GO$gcbAnalogValues","1","0"
"708","1775746591.304503000","08:00:27:d1:c5:85","08:00:27:b0:8c:2e",,,
"709","1775746591.305167000","08:00:27:b0:8c:2e","08:00:27:d1:c5:85",,,
"710","1775746591.306144000","08:00:27:b0:8c:2e","08:00:27:d1:c5:85",,,
"711","1775746591.306205000","08:00:27:d1:c5:85","08:00:27:b0:8c:2e",,,
"712","1775746591.438526000","08:00:27:b0:8c:2e","08:00:27:d1:c5:85",,,
"713","1775746591.438544000","08:00:27:d1:c5:85","08:00:27:b0:8c:2e",,,
"714","1775746591.752244000","08:00:27:b0:8c:2e","08:00:27:d1:c5:85",,,
"715","1775746591.752365000","08:00:27:d1:c5:85","08:00:27:b0:8c:2e",,,
"716","1775746591.752958000","08:00:27:d1:c5:85","08:00:27:b0:8c:2e",,,
"717","1775746591.753095000","08:00:27:d1:c5:85","08:00:27:b0:8c:2e",,,
"718","1775746591.754224000","08:00:27:b0:8c:2e","08:00:27:d1:c5:85",,,
"719","1775746591.754238000","08:00:27:d1:c5:85","08:00:27:b0:8c:2e",,,
"720","1775746591.800458000","08:00:27:b0:8c:2e","08:00:27:d1:c5:85",,,
"721","1775746592.072782000","08:00:27:d1:c5:85","01:0c:cd:01:00:01","simpleIOGenericIO/LLN0$GO$gcbAnalogValues","1","1"
"722","1775746592.256813000","08:00:27:d1:c5:85","08:00:27:b0:8c:2e",,,
"723","1775746592.258086000","08:00:27:b0:8c:2e","08:00:27:d1:c5:85",,,
"724","1775746592.439755000","08:00:27:b0:8c:2e","08:00:27:d1:c5:85",,,
"725","1775746592.439774000","08:00:27:d1:c5:85","08:00:27:b0:8c:2e",,,
"726","1775746593.073971000","08:00:27:d1:c5:85","01:0c:cd:01:00:01","simpleIOGenericIO/LLN0$GO$gcbAnalogValues","1","2"
"727","1775746593.267111000","08:00:27:d1:c5:85","08:00:27:b0:8c:2e",,,
"728","1775746593.267832000","08:00:27:b0:8c:2e","08:00:27:d1:c5:85",,,
"729","1775746593.268228000","08:00:27:b0:8c:2e","08:00:27:d1:c5:85",,,
"730","1775746593.311848000","08:00:27:d1:c5:85","08:00:27:b0:8c:2e",,,
"731","1775746593.470364000","08:00:27:b0:8c:2e","08:00:27:d1:c5:85",,,
"732","1775746593.470404000","08:00:27:d1:c5:85","08:00:27:b0:8c:2e",,,
"733","1775746594.075852000","08:00:27:d1:c5:85","01:0c:cd:01:00:01","simpleIOGenericIO/LLN0$GO$gcbAnalogValues","1","3"
"734","1775746594.288232000","08:00:27:d1:c5:85","08:00:27:b0:8c:2e",,,
"735","1775746594.332058000","08:00:27:b0:8c:2e","08:00:27:d1:c5:85",,,
"736","1775746594.472228000","08:00:27:b0:8c:2e","08:00:27:d1:c5:85",,,
"737","1775746594.472272000","08:00:27:d1:c5:85","08:00:27:b0:8c:2e",,,
"738","1775746595.135838000","08:00:27:d1:c5:85","01:0c:cd:01:00:01","simpleIOGenericIO/LLN0$GO$gcbAnalogValues","1","0"
"739","1775746595.466766000","08:00:27:d1:c5:85","08:00:27:b0:8c:2e",,,
"740","1775746595.469307000","08:00:27:b0:8c:2e","08:00:27:d1:c5:85",,,
"741","1775746595.474100000","08:00:27:b0:8c:2e","08:00:27:d1:c5:85",,,
"742","1775746595.474130000","08:00:27:d1:c5:85","08:00:27:b0:8c:2e",,,
"743","1775746596.137587000","08:00:27:d1:c5:85","01:0c:cd:01:00:01","simpleIOGenericIO/LLN0$GO$gcbAnalogValues","1","1"
"744","1775746596.379963000","08:00:27:d1:c5:85","08:00:27:b0:8c:2e",,,
"745","1775746596.381073000","08:00:27:b0:8c:2e","08:00:27:d1:c5:85",,,
"746","1775746596.476031000","08:00:27:b0:8c:2e","08:00:27:d1:c5:85",,,
"747","1775746596.476057000","08:00:27:d1:c5:85","08:00:27:b0:8c:2e",,,
"748","1775746597.138473000","08:00:27:d1:c5:85","01:0c:cd:01:00:01","simpleIOGenericIO/LLN0$GO$gcbAnalogValues","1","2"
"749","1775746597.388104000","08:00:27:d1:c5:85","08:00:27:b0:8c:2e",,,
"750","1775746597.388803000","08:00:27:b0:8c:2e","08:00:27:d1:c5:85",,,
"751","1775746597.476134000","08:00:27:b0:8c:2e","08:00:27:d1:c5:85",,,
"752","1775746597.476158000","08:00:27:d1:c5:85","08:00:27:b0:8c:2e",,,
"753","1775746598.139525000","08:00:27:d1:c5:85","01:0c:cd:01:00:01","simpleIOGenericIO/LLN0$GO$gcbAnalogValues","1","3"
"754","1775746598.396780000","08:00:27:d1:c5:85","08:00:27:b0:8c:2e",,,
"755","1775746598.397928000","08:00:27:b0:8c:2e","08:00:27:d1:c5:85",,,
"756","1775746598.477371000","08:00:27:b0:8c:2e","08:00:27:d1:c5:85",,,
"757","1775746598.477391000","08:00:27:d1:c5:85","08:00:27:b0:8c:2e",,,
"758","1775746599.166798000","08:00:27:d1:c5:85","01:0c:cd:01:00:01","simpleIOGenericIO/LLN0$GO$gcbAnalogValues","1","0"
"759","1775746599.405101000","08:00:27:d1:c5:85","08:00:27:b0:8c:2e",,,
"760","1775746599.406102000","08:00:27:b0:8c:2e","08:00:27:d1:c5:85",,,
"761","1775746599.479943000","08:00:27:b0:8c:2e","08:00:27:d1:c5:85",,,
"762","1775746599.479964000","08:00:27:d1:c5:85","08:00:27:b0:8c:2e",,,
"763","1775746600.167750000","08:00:27:d1:c5:85","01:0c:cd:01:00:01","simpleIOGenericIO/LLN0$GO$gcbAnalogValues","1","1"
"764","1775746600.410954000","08:00:27:d1:c5:85","08:00:27:b0:8c:2e",,,
"765","1775746600.415290000","08:00:27:b0:8c:2e","08:00:27:d1:c5:85",,,
"766","1775746600.483227000","08:00:27:b0:8c:2e","08:00:27:d1:c5:85",,,
"767","1775746600.483272000","08:00:27:d1:c5:85","08:00:27:b0:8c:2e",,,
"768","1775746601.168664000","08:00:27:d1:c5:85","01:0c:cd:01:00:01","simpleIOGenericIO/LLN0$GO$gcbAnalogValues","1","2"
"769","1775746601.394315000","08:00:27:d1:c5:85","08:00:27:b0:8c:2e",,,
"770","1775746601.396107000","08:00:27:b0:8c:2e","08:00:27:d1:c5:85",,,
"771","1775746601.396855000","08:00:27:b0:8c:2e","08:00:27:d1:c5:85",,,
"772","1775746601.396875000","08:00:27:d1:c5:85","08:00:27:b0:8c:2e",,,
"773","1775746601.484762000","08:00:27:b0:8c:2e","08:00:27:d1:c5:85",,,
"774","1775746601.484783000","08:00:27:d1:c5:85","08:00:27:b0:8c:2e",,,
"775","1775746601.763382000","08:00:27:b0:8c:2e","08:00:27:d1:c5:85",,,
"776","1775746601.763427000","08:00:27:d1:c5:85","08:00:27:b0:8c:2e",,,
"777","1775746601.766729000","08:00:27:d1:c5:85","08:00:27:b0:8c:2e",,,
"778","1775746601.768460000","08:00:27:d1:c5:85","08:00:27:b0:8c:2e",,,
"779","1775746601.771381000","08:00:27:b0:8c:2e","08:00:27:d1:c5:85",,,
"780","1775746601.772265000","08:00:27:d1:c5:85","08:00:27:b0:8c:2e",,,
"781","1775746601.774120000","08:00:27:d1:c5:85","08:00:27:b0:8c:2e",,,
"782","1775746601.777525000","08:00:27:b0:8c:2e","08:00:27:d1:c5:85",,,
"783","1775746601.778413000","08:00:27:d1:c5:85","08:00:27:b0:8c:2e",,,
"784","1775746601.780267000","08:00:27:d1:c5:85","08:00:27:b0:8c:2e",,,
"785","1775746601.782549000","08:00:27:b0:8c:2e","08:00:27:d1:c5:85",,,
"786","1775746602.169610000","08:00:27:d1:c5:85","01:0c:cd:01:00:01","simpleIOGenericIO/LLN0$GO$gcbAnalogValues","1","3"
"787","1775746602.467289000","08:00:27:d1:c5:85","08:00:27:b0:8c:2e",,,
"788","1775746602.485995000","08:00:27:b0:8c:2e","08:00:27:d1:c5:85",,,
"789","1775746602.486012000","08:00:27:d1:c5:85","08:00:27:b0:8c:2e",,,
"790","1775746602.511686000","08:00:27:b0:8c:2e","08:00:27:d1:c5:85",,,
"791","1775746603.206103000","08:00:27:d1:c5:85","01:0c:cd:01:00:01","simpleIOGenericIO/LLN0$GO$gcbAnalogValues","1","0"
"792","1775746603.374780000","08:00:27:d1:c5:85","08:00:27:b0:8c:2e",,,
"793","1775746603.376014000","08:00:27:b0:8c:2e","08:00:27:d1:c5:85",,,
"794","1775746603.376451000","08:00:27:b0:8c:2e","08:00:27:d1:c5:85",,,
"795","1775746603.417251000","08:00:27:d1:c5:85","08:00:27:b0:8c:2e",,,
"796","1775746603.488005000","08:00:27:b0:8c:2e","08:00:27:d1:c5:85",,,
"797","1775746603.488027000","08:00:27:d1:c5:85","08:00:27:b0:8c:2e",,,
"798","1775746604.206668000","08:00:27:d1:c5:85","01:0c:cd:01:00:01","simpleIOGenericIO/LLN0$GO$gcbAnalogValues","1","1"
"799","1775746604.384260000","08:00:27:d1:c5:85","08:00:27:b0:8c:2e",,,
"800","1775746604.428293000","08:00:27:b0:8c:2e","08:00:27:d1:c5:85",,,
"801","1775746604.491439000","08:00:27:b0:8c:2e","08:00:27:d1:c5:85",,,
"802","1775746604.491472000","08:00:27:d1:c5:85","08:00:27:b0:8c:2e",,,
"803","1775746605.206951000","08:00:27:d1:c5:85","01:0c:cd:01:00:01","simpleIOGenericIO/LLN0$GO$gcbAnalogValues","1","2"
"804","1775746605.390601000","08:00:27:d1:c5:85","08:00:27:b0:8c:2e",,,
"805","1775746605.392356000","08:00:27:b0:8c:2e","08:00:27:d1:c5:85",,,
"806","1775746605.496287000","08:00:27:b0:8c:2e","08:00:27:d1:c5:85",,,
"807","1775746605.496332000","08:00:27:d1:c5:85","08:00:27:b0:8c:2e",,,
"808","1775746606.207333000","08:00:27:d1:c5:85","01:0c:cd:01:00:01","simpleIOGenericIO/LLN0$GO$gcbAnalogValues","1","3"
"809","1775746606.403223000","08:00:27:d1:c5:85","08:00:27:b0:8c:2e",,,
"810","1775746606.404448000","08:00:27:b0:8c:2e","08:00:27:d1:c5:85",,,
"811","1775746606.497013000","08:00:27:b0:8c:2e","08:00:27:d1:c5:85",,,
"812","1775746606.497055000","08:00:27:d1:c5:85","08:00:27:b0:8c:2e",,,
"813","1775746607.249607000","08:00:27:d1:c5:85","01:0c:cd:01:00:01","simpleIOGenericIO/LLN0$GO$gcbAnalogValues","1","0"
"814","1775746607.411303000","08:00:27:d1:c5:85","08:00:27:b0:8c:2e",,,
"815","1775746607.412239000","08:00:27:b0:8c:2e","08:00:27:d1:c5:85",,,
"816","1775746607.499280000","08:00:27:b0:8c:2e","08:00:27:d1:c5:85",,,
"817","1775746607.499357000","08:00:27:d1:c5:85","08:00:27:b0:8c:2e",,,
"818","1775746608.250213000","08:00:27:d1:c5:85","01:0c:cd:01:00:01","simpleIOGenericIO/LLN0$GO$gcbAnalogValues","1","1"
"819","1775746608.432298000","08:00:27:d1:c5:85","08:00:27:b0:8c:2e",,,
"820","1775746608.434293000","08:00:27:b0:8c:2e","08:00:27:d1:c5:85",,,
"821","1775746608.501538000","08:00:27:b0:8c:2e","08:00:27:d1:c5:85",,,
"822","1775746608.501568000","08:00:27:d1:c5:85","08:00:27:b0:8c:2e",,,
"823","1775746609.251842000","08:00:27:d1:c5:85","01:0c:cd:01:00:01","simpleIOGenericIO/LLN0$GO$gcbAnalogValues","1","2"
"824","1775746609.439293000","08:00:27:d1:c5:85","08:00:27:b0:8c:2e",,,
"825","1775746609.440809000","08:00:27:b0:8c:2e","08:00:27:d1:c5:85",,,
"826","1775746609.503263000","08:00:27:b0:8c:2e","08:00:27:d1:c5:85",,,
"827","1775746609.503295000","08:00:27:d1:c5:85","08:00:27:b0:8c:2e",,,
"828","1775746610.252779000","08:00:27:d1:c5:85","01:0c:cd:01:00:01","simpleIOGenericIO/LLN0$GO$gcbAnalogValues","1","3"
"829","1775746610.447440000","08:00:27:d1:c5:85","08:00:27:b0:8c:2e",,,
"830","1775746610.448525000","08:00:27:b0:8c:2e","08:00:27:d1:c5:85",,,
"831","1775746610.504238000","08:00:27:b0:8c:2e","08:00:27:d1:c5:85",,,
"832","1775746610.504261000","08:00:27:d1:c5:85","08:00:27:b0:8c:2e",,,
"833","1775746611.280671000","08:00:27:d1:c5:85","01:0c:cd:01:00:01","simpleIOGenericIO/LLN0$GO$gcbAnalogValues","1","0"
"834","1775746611.454537000","08:00:27:d1:c5:85","08:00:27:b0:8c:2e",,,
"835","1775746611.457014000","08:00:27:b0:8c:2e","08:00:27:d1:c5:85",,,
"836","1775746611.457016000","08:00:27:b0:8c:2e","08:00:27:d1:c5:85",,,
"837","1775746611.457098000","08:00:27:d1:c5:85","08:00:27:b0:8c:2e",,,
"838","1775746611.506287000","08:00:27:b0:8c:2e","08:00:27:d1:c5:85",,,
"839","1775746611.506315000","08:00:27:d1:c5:85","08:00:27:b0:8c:2e",,,
"840","1775746611.793418000","08:00:27:b0:8c:2e","08:00:27:d1:c5:85",,,
"841","1775746611.793457000","08:00:27:d1:c5:85","08:00:27:b0:8c:2e",,,
"842","1775746611.795574000","08:00:27:d1:c5:85","08:00:27:b0:8c:2e",,,
"843","1775746611.797209000","08:00:27:d1:c5:85","08:00:27:b0:8c:2e",,,
"844","1775746611.798243000","08:00:27:d1:c5:85","08:00:27:b0:8c:2e",,,
"845","1775746611.799249000","08:00:27:d1:c5:85","08:00:27:b0:8c:2e",,,
"846","1775746611.801104000","08:00:27:b0:8c:2e","08:00:27:d1:c5:85",,,
"847","1775746611.801303000","08:00:27:d1:c5:85","08:00:27:b0:8c:2e",,,
"848","1775746611.802400000","08:00:27:d1:c5:85","08:00:27:b0:8c:2e",,,
"849","1775746611.804805000","08:00:27:b0:8c:2e","08:00:27:d1:c5:85",,,
"850","1775746612.280876000","08:00:27:d1:c5:85","01:0c:cd:01:00:01","simpleIOGenericIO/LLN0$GO$gcbAnalogValues","1","1"
"851","1775746612.406199000","08:00:27:d1:c5:85","08:00:27:b0:8c:2e",,,
"852","1775746612.447410000","08:00:27:b0:8c:2e","08:00:27:d1:c5:85",,,
"853","1775746612.508305000","08:00:27:b0:8c:2e","08:00:27:d1:c5:85",,,
"854","1775746612.508333000","08:00:27:d1:c5:85","08:00:27:b0:8c:2e",,,
"855","1775746613.282035000","08:00:27:d1:c5:85","01:0c:cd:01:00:01","simpleIOGenericIO/LLN0$GO$gcbAnalogValues","1","2"
"856","1775746613.416277000","08:00:27:d1:c5:85","08:00:27:b0:8c:2e",,,
"857","1775746613.416745000","08:00:27:b0:8c:2e","08:00:27:d1:c5:85",,,
"858","1775746613.417781000","08:00:27:b0:8c:2e","08:00:27:d1:c5:85",,,
"859","1775746613.459633000","08:00:27:d1:c5:85","08:00:27:b0:8c:2e",,,
"860","1775746613.510512000","08:00:27:b0:8c:2e","08:00:27:d1:c5:85",,,
"861","1775746613.510534000","08:00:27:d1:c5:85","08:00:27:b0:8c:2e",,,
"862","1775746614.282690000","08:00:27:d1:c5:85","01:0c:cd:01:00:01","simpleIOGenericIO/LLN0$GO$gcbAnalogValues","1","3"
"863","1775746614.422822000","08:00:27:d1:c5:85","08:00:27:b0:8c:2e",,,
"864","1775746614.467349000","08:00:27:b0:8c:2e","08:00:27:d1:c5:85",,,
"865","1775746614.512187000","08:00:27:b0:8c:2e","08:00:27:d1:c5:85",,,
"866","1775746614.512206000","08:00:27:d1:c5:85","08:00:27:b0:8c:2e",,,
"867","1775746615.429367000","08:00:27:d1:c5:85","08:00:27:b0:8c:2e",,,
"868","1775746615.430462000","08:00:27:b0:8c:2e","08:00:27:d1:c5:85",,,
"869","1775746615.514912000","08:00:27:b0:8c:2e","08:00:27:d1:c5:85",,,
"870","1775746615.514936000","08:00:27:d1:c5:85","08:00:27:b0:8c:2e",,,
"871","1775746616.434192000","08:00:27:d1:c5:85","08:00:27:b0:8c:2e",,,
"872","1775746616.436486000","08:00:27:b0:8c:2e","08:00:27:d1:c5:85",,,
"873","1775746616.516432000","08:00:27:b0:8c:2e","08:00:27:d1:c5:85",,,
"874","1775746616.516458000","08:00:27:d1:c5:85","08:00:27:b0:8c:2e",,,
"875","1775746617.517274000","08:00:27:b0:8c:2e","08:00:27:d1:c5:85",,,
"876","1775746617.517291000","08:00:27:d1:c5:85","08:00:27:b0:8c:2e",,,
"877","1775746617.575044000","08:00:27:d1:c5:85","08:00:27:b0:8c:2e",,,
"878","1775746617.575802000","08:00:27:b0:8c:2e","08:00:27:d1:c5:85",,,
"879","1775746618.485424000","08:00:27:d1:c5:85","08:00:27:b0:8c:2e",,,
"880","1775746618.488390000","08:00:27:b0:8c:2e","08:00:27:d1:c5:85",,,
"881","1775746618.524822000","08:00:27:b0:8c:2e","08:00:27:d1:c5:85",,,
"882","1775746618.524853000","08:00:27:d1:c5:85","08:00:27:b0:8c:2e",,,
"883","1775746619.497981000","08:00:27:d1:c5:85","08:00:27:b0:8c:2e",,,
"884","1775746619.500484000","08:00:27:b0:8c:2e","08:00:27:d1:c5:85",,,
"885","1775746619.525633000","08:00:27:b0:8c:2e","08:00:27:d1:c5:85",,,
"886","1775746619.525654000","08:00:27:d1:c5:85","08:00:27:b0:8c:2e",,,
"887","1775746620.529081000","08:00:27:b0:8c:2e","08:00:27:d1:c5:85",,,
"888","1775746620.529126000","08:00:27:d1:c5:85","08:00:27:b0:8c:2e",,,
"889","1775746621.531952000","08:00:27:b0:8c:2e","08:00:27:d1:c5:85",,,
"890","1775746621.532000000","08:00:27:d1:c5:85","08:00:27:b0:8c:2e",,,
"891","1775746621.747217000","08:00:27:d1:c5:85","08:00:27:b0:8c:2e",,,
"892","1775746621.753144000","08:00:27:b0:8c:2e","08:00:27:d1:c5:85",,,
"893","1775746621.880144000","08:00:27:b0:8c:2e","08:00:27:d1:c5:85",,,
"894","1775746621.880246000","08:00:27:d1:c5:85","08:00:27:b0:8c:2e",,,
"895","1775746621.880456000","08:00:27:d1:c5:85","08:00:27:b0:8c:2e",,,
"896","1775746621.880563000","08:00:27:d1:c5:85","08:00:27:b0:8c:2e",,,
"897","1775746621.881382000","08:00:27:b0:8c:2e","08:00:27:d1:c5:85",,,
"898","1775746621.881394000","08:00:27:d1:c5:85","08:00:27:b0:8c:2e",,,
"899","1775746621.882152000","08:00:27:b0:8c:2e","08:00:27:d1:c5:85",,,
"900","1775746621.883004000","08:00:27:b0:8c:2e","08:00:27:d1:c5:85",,,
"901","1775746622.532154000","08:00:27:b0:8c:2e","08:00:27:d1:c5:85",,,
"902","1775746622.532179000","08:00:27:d1:c5:85","08:00:27:b0:8c:2e",,,
"903","1775746622.788763000","08:00:27:d1:c5:85","08:00:27:b0:8c:2e",,,
"904","1775746622.790897000","08:00:27:b0:8c:2e","08:00:27:d1:c5:85",,,
"905","1775746623.534479000","08:00:27:b0:8c:2e","08:00:27:d1:c5:85",,,
"906","1775746623.534508000","08:00:27:d1:c5:85","08:00:27:b0:8c:2e",,,
"907","1775746623.794125000","08:00:27:d1:c5:85","08:00:27:b0:8c:2e",,,
"908","1775746623.796495000","08:00:27:b0:8c:2e","08:00:27:d1:c5:85",,,
"909","1775746623.796496000","08:00:27:b0:8c:2e","08:00:27:d1:c5:85",,,
"910","1775746623.837787000","08:00:27:d1:c5:85","08:00:27:b0:8c:2e",,,
"911","1775746624.536107000","08:00:27:b0:8c:2e","08:00:27:d1:c5:85",,,
"912","1775746624.536139000","08:00:27:d1:c5:85","08:00:27:b0:8c:2e",,,
"913","1775746624.805600000","08:00:27:d1:c5:85","08:00:27:b0:8c:2e",,,
"914","1775746624.853084000","08:00:27:b0:8c:2e","08:00:27:d1:c5:85",,,
"915","1775746625.535816000","08:00:27:b0:8c:2e","08:00:27:d1:c5:85",,,
"916","1775746625.535833000","08:00:27:d1:c5:85","08:00:27:b0:8c:2e",,,
"917","1775746625.814204000","08:00:27:d1:c5:85","08:00:27:b0:8c:2e",,,
"918","1775746625.815428000","08:00:27:b0:8c:2e","08:00:27:d1:c5:85",,,
"919","1775746626.557943000","08:00:27:b0:8c:2e","08:00:27:d1:c5:85",,,
"920","1775746626.557985000","08:00:27:d1:c5:85","08:00:27:b0:8c:2e",,,
"921","1775746626.761444000","08:00:27:d1:c5:85","08:00:27:b0:8c:2e",,,
"922","1775746626.763454000","08:00:27:b0:8c:2e","08:00:27:d1:c5:85",,,
"923","1775746627.559028000","08:00:27:b0:8c:2e","08:00:27:d1:c5:85",,,
"924","1775746627.559055000","08:00:27:d1:c5:85","08:00:27:b0:8c:2e",,,
"925","1775746627.770819000","08:00:27:d1:c5:85","08:00:27:b0:8c:2e",,,
"926","1775746627.773200000","08:00:27:b0:8c:2e","08:00:27:d1:c5:85",,,
"927","1775746628.561424000","08:00:27:b0:8c:2e","08:00:27:d1:c5:85",,,
"928","1775746628.561458000","08:00:27:d1:c5:85","08:00:27:b0:8c:2e",,,
"929","1775746628.967550000","08:00:27:d1:c5:85","08:00:27:b0:8c:2e",,,
"930","1775746628.970990000","08:00:27:b0:8c:2e","08:00:27:d1:c5:85",,,
